"scenario","scenario_label","method","n_trials","runtime_mean_seconds","runtime_sd_seconds","runtime_median_seconds","runtime_iqr_seconds","runtime_p025_seconds","runtime_p975_seconds","mean_ess","mean_ess_per_second","median_ess_per_second"
"heterogeneous","Complete heterogeneity","Complete pooling",2000,16.4050900000001,1.71639298948322,16.3349999999991,2.08000000000175,12.9192499999983,19.9707500000011,,,
"heterogeneous","Complete heterogeneity","No pooling (stratified)",2000,16.9891799999999,1.82252869195983,16.8600000000006,2.11250000000291,13.5800000000014,20.4715000000011,,,
"heterogeneous","Complete heterogeneity","Stan EXNEX (NUTS)",2000,17.524625,3.05458840345675,17,2.46499999999833,13.6292499999974,26.8302500000017,5635.60440585364,337.992028935408,378.053309662261
"heterogeneous","Complete heterogeneity","exnexSurv (Gibbs DA)",2000,0.704009999999984,0.205737414783694,0.669999999998254,0.280000000001621,0.419999999998254,1.20000000000082,2544.98680763546,3910.74261125782,3767.97674916899
"hetvar_misspec","Heteroskedastic variances","Complete pooling",1000,14.30465,1.58771625941801,14.2250000000001,2.07499999999959,11.3395000000001,17.7202499999993,,,
"hetvar_misspec","Heteroskedastic variances","No pooling (stratified)",1000,14.6759900000001,1.64476967602976,14.5700000000015,2.15249999999935,11.6082499999988,18.1810000000002,,,
"hetvar_misspec","Heteroskedastic variances","Stan EXNEX (NUTS)",1000,14.90109,1.74997855325052,14.7599999999984,2.09000000000208,11.9800000000031,18.4819999999996,6697.63780705434,455.948881647839,454.026940294312
"hetvar_misspec","Heteroskedastic variances","exnexSurv (Gibbs DA)",1000,0.482039999999967,0.118242207437187,0.450000000002547,0.199999999999264,0.330000000001746,0.719999999999391,2597.40122392207,5702.58155630274,5666.06083037929
"homogeneous","Homogeneous","Complete pooling",2000,16.2451900000002,1.9881820836883,16.260000000002,2.22999999999683,11.5600000000004,19.7799999999992,,,
"homogeneous","Homogeneous","No pooling (stratified)",2000,16.6467299999998,2.0161965507771,16.6900000000023,2.18000000000757,11.6392500000001,20.1510000000015,,,
"homogeneous","Homogeneous","Stan EXNEX (NUTS)",2000,17.019045,3.09709302905014,16.715000000002,2.18249999999989,12.0100000000002,23.2245000000011,6159.400986574,374.689303537195,377.758082187081
"homogeneous","Homogeneous","exnexSurv (Gibbs DA)",2000,0.73653500000001,0.202370750691407,0.69999999999709,0.290000000000873,0.440000000002328,1.21024999999913,2646.48733788477,3854.40888432579,3749.07148690772
"infcens_misspec","Informative censoring","Complete pooling",998,14.9243386773547,1.90118616659369,14.8149999999987,2.1574999999998,11.7192500000011,18.9222500000051,,,
"infcens_misspec","Informative censoring","No pooling (stratified)",997,15.2459979939819,1.90539150811392,15.0999999999985,2.2300000000032,12.013999999997,19.6730000000001,,,
"infcens_misspec","Informative censoring","Stan EXNEX (NUTS)",996,15.4861144578313,1.95122486024244,15.3000000000015,2.22500000000105,12.3575000000001,19.9125000000013,6374.51134017097,417.86750075661,414.908655371468
"infcens_misspec","Informative censoring","exnexSurv (Gibbs DA)",1000,0.48787000000005,0.141639064966991,0.430000000000291,0.219999999997526,0.339999999996508,0.830000000000084,2610.34385221703,5744.13254437785,5904.40487591634
"mixed","Mixed efficacy","Complete pooling",2000,16.524865,1.56212396992808,16.3949999999968,1.97249999999985,13.9397500000023,19.7802499999987,,,
"mixed","Mixed efficacy","No pooling (stratified)",2000,16.9359750000004,1.66138904418937,16.8300000000017,2.15500000000975,13.9497499999972,20.3602500000005,,,
"mixed","Mixed efficacy","Stan EXNEX (NUTS)",2000,16.9555949999998,1.84545503822888,16.7799999999994,2.12999999998806,14.0500000000029,20.4514999999972,6554.52865545472,391.21769766955,389.182286991593
"mixed","Mixed efficacy","exnexSurv (Gibbs DA)",2000,0.720859999999978,0.21043051323523,0.679999999993015,0.279999999998836,0.42974999999351,1.19999999999716,2690.08264400965,4032.11089504673,3922.98437463538
"t_misspec","Student-t errors","Complete pooling",996,14.7838554216868,1.9194951166112,14.5749999999994,2.27500000000055,11.600000000002,18.9512499999988,,,
"t_misspec","Student-t errors","No pooling (stratified)",998,15.1864428857716,1.87522010001893,15,2.25499999999693,12.0500000000024,19.9015000000001,,,
"t_misspec","Student-t errors","Stan EXNEX (NUTS)",998,15.3518036072144,1.98506256164077,15.1549999999988,2.17750000000069,12.1692500000001,19.7515,6650.17980837951,439.934745189716,436.695486482949
"t_misspec","Student-t errors","exnexSurv (Gibbs DA)",1000,0.47881999999996,0.132075931386657,0.430000000000291,0.209999999997308,0.330000000001746,0.760250000001906,2755.33352518793,6138.59439732518,6276.92308670139
"tcga_calib","TCGA-calibrated","Complete pooling",100,27.1,6.28096113085196,26.2899999999997,6.17250000000013,20.3499999999997,40.4325,,,
"tcga_calib","TCGA-calibrated","No pooling (stratified)",100,30.8910000000001,6.42954237496843,30.2449999999999,6.48500000000001,24.4265000000003,45.498,,,
"tcga_calib","TCGA-calibrated","Stan EXNEX (NUTS)",99,35.3818181818182,12.8662486297809,31.8700000000003,7.30500000000029,26.1730000000003,72.5850000000002,7127.96498551937,217.996941789951,225.27634166064
"tcga_calib","TCGA-calibrated","exnexSurv (Gibbs DA)",1000,2.65159999999999,0.363823594077687,2.59000000000015,0.0799999999981083,2.48999999999978,3.36999999999989,1306.72188409454,497.853182008425,503.677850812662
"weibull_misspec","Gumbel (extreme-value) misspecification","Complete pooling",1000,14.41572,1.66751992620917,14.3299999999999,2.12999999999254,11.4197500000001,17.8502499999999,,,
"weibull_misspec","Gumbel (extreme-value) misspecification","No pooling (stratified)",1000,14.65898,1.72283519836355,14.5600000000006,2.15750000000025,11.8097500000013,18.2602500000019,,,
"weibull_misspec","Gumbel (extreme-value) misspecification","Stan EXNEX (NUTS)",1000,14.8572799999999,1.63354984211889,14.7200000000012,2.06000000000131,11.9289999999994,18.5507500000011,6936.4859574583,472.815286995881,471.811531749885
"weibull_misspec","Gumbel (extreme-value) misspecification","exnexSurv (Gibbs DA)",1000,0.483390000000031,0.162736262065195,0.450000000000728,0.209999999999127,0.330000000001701,0.719999999999391,2925.90503499951,6491.20217741009,6445.30553435716
