"scenario","scenario_label","n_trials","median_speedup_stan_over_gibbs","mean_speedup_stan_over_gibbs","speedup_p025","speedup_p975"
"global_null","Global null",2000,24.9062500000192,25.9737590083433,13.1499883177852,42.9390624999041
"heterogeneous","Complete heterogeneity",2000,25.8522727272384,26.8565362591408,13.7645697167701,46.2858108108539
"hetvar_misspec","Heteroskedastic variances",1000,32.1456140350479,32.6445197051053,19.8562003969081,48.8056944446451
"homogeneous","Homogeneous",2000,23.7394480519873,24.7679704189798,12.9725733799089,41.861608573294
"infcens_misspec","Informative censoring",996,34.7158385094252,33.8759154050047,19.7854910714414,50.1752450979599
"mixed","Mixed efficacy",2000,24.8921751765016,25.3680244645001,13.674752631589,40.9231250000902
"t_misspec","Student-t errors",998,34.7977878614346,33.9824051476304,19.9329151732735,48.6299999996417
"tcga_calib","TCGA-calibrated",99,10.5415019762857,11.3534356119528,7.08691994801207,24.1099072910042
"weibull_misspec","Gumbel (extreme-value) misspecification",1000,32.058941920696,32.8875913133795,18.8403645833513,49.6952651514284
