"scenario","scenario_label","comparison_level","population","n_basket_comparisons","n_trials","mean_absolute_difference","median_absolute_difference","p95_absolute_difference","p99_absolute_difference","max_absolute_difference","proportion_absolute_difference_gt_0_05","proportion_absolute_difference_gt_0_10","proportion_absolute_difference_gt_1","pearson_correlation","identity_regression_slope"
"heterogeneous","Complete heterogeneity","basket","all_finite_fits",18000,2000,1.05187015817789,0.00619548064377726,0.0352191479481845,55.7848083077103,81.4391361812407,3.22777777777778,2.13333333333333,1.95555555555556,0.833434549904425,0.236593881114901
"hetvar_misspec","Heteroskedastic variances","basket","all_finite_fits",9000,1000,0.0317040185325416,0.00521318192495823,0.0178606715927345,0.0276885451394727,61.342836331841,0.111111111111111,0.0666666666666667,0.0666666666666667,0.711593047300826,0.4650548761892
"homogeneous","Homogeneous","basket","all_finite_fits",18000,2000,0.145385112057669,0.00533739718174675,0.0187787397594826,0.0341401533294193,74.2568731771167,0.522222222222222,0.383333333333333,0.361111111111111,0.677004999966369,0.227981218620503
"infcens_misspec","Informative censoring","basket","all_finite_fits",8964,996,0.0118808288746295,0.00575242840024126,0.0195508094644705,0.028980086937829,26.3632736055966,0.111557340473003,0.0223114680946006,0.0223114680946006,0.954927110352609,0.871134335296929
"mixed","Mixed efficacy","basket","all_finite_fits",18000,2000,0.0182593676291642,0.00530901587559574,0.0183925794710268,0.027915685119551,50.2765719679627,0.0944444444444444,0.0388888888888889,0.0388888888888889,0.832517263034375,0.648754139230508
"t_misspec","Student-t errors","basket","all_finite_fits",8982,998,0.0178754031347558,0.0052071574079362,0.0174389014993954,0.0266976759205806,33.6108729777136,0.0779336450679136,0.055666889334224,0.0445335114673792,0.89195902522672,0.693652077331687
"tcga_calib","TCGA-calibrated","basket","all_finite_fits",891,99,0.00263179453653051,0.0021151014373908,0.00695506274712754,0.00965447598869665,0.0166656095899045,0,0,0,0.999978278672342,1.00023383494236
"weibull_misspec","Gumbel (extreme-value) misspecification","basket","all_finite_fits",9000,1000,0.0245102602835107,0.00465048268278323,0.0165193791008184,0.026653379027531,49.5164265207396,0.111111111111111,0.0555555555555556,0.0555555555555556,0.832231885850802,0.568745122758276
"heterogeneous","Complete heterogeneity","basket","jointly_qualified",16985,1984,0.00844905529022024,0.00582109431784156,0.0247793607310776,0.0447280113691988,0.159178294907987,0.665292905504857,0.035325287017957,0,0.999901469241739,1.00064310654863
"hetvar_misspec","Heteroskedastic variances","basket","jointly_qualified",8972,998,0.00663865668691099,0.00520588676442663,0.0176485934856342,0.0270231279864543,0.0829545946119841,0.0222915737851092,0,0,0.999955679143149,0.999908309386639
"homogeneous","Homogeneous","basket","jointly_qualified",17748,1991,0.00671020004975007,0.00525635811924896,0.0178275336986393,0.0265294868258165,0.103748925533327,0.0338066260987153,0.00563443768311923,0,0.999599952042219,0.9999679868282
"infcens_misspec","Informative censoring","basket","jointly_qualified",8954,995,0.00732847567053206,0.00574565151641446,0.0194902280761011,0.0288218062002324,0.0884654462089481,0.0893455438909984,0,0,0.999947044725666,1.00000849931922
"mixed","Mixed efficacy","basket","jointly_qualified",17983,2000,0.00684588928240064,0.00530308521621725,0.0183123281144173,0.0275164314515698,0.0904623069266873,0.0556080742923873,0,0,0.999944484091949,0.999845819567264
"t_misspec","Student-t errors","basket","jointly_qualified",8966,997,0.00658056086027885,0.00519342307052095,0.017350145780737,0.0264280230076031,0.100651749746225,0.033459736783404,0.011153245594468,0,0.999950390162452,0.999931894329304
"tcga_calib","TCGA-calibrated","basket","jointly_qualified",858,99,0.0025913564932565,0.0020779766340655,0.00675871275708695,0.00970554322999147,0.0166656095899045,0,0,0,0.999976127662339,1.00014490259302
"weibull_misspec","Gumbel (extreme-value) misspecification","basket","jointly_qualified",8982,1000,0.00602443324457256,0.00463988345960054,0.0163353357757843,0.0260808677335066,0.0600036063465911,0.0334001336005344,0,0,0.999957324430703,1.0000920663392
"heterogeneous","Complete heterogeneity","trial_mean","all_finite_fits",2000,2000,1.0443582811119,0.00365581902048336,6.85544050345743,8.17638412551557,15.5529543787695,16.6,16.6,16.55,0.814575580074783,0.21499491314558
"hetvar_misspec","Heteroskedastic variances","trial_mean","all_finite_fits",1000,1000,0.0278141669359106,0.00235315386725859,0.00712833881494397,0.0102293420459486,6.80976998034106,0.6,0.6,0.6,0.554003710426577,0.229237957234865
"homogeneous","Homogeneous","trial_mean","all_finite_fits",2000,2000,0.141698361746939,0.00298238560222619,0.0100543428900026,5.28889801911301,8.23543381912356,3.25,3.25,3.1,0.674574334359886,0.23274856211167
"infcens_misspec","Informative censoring","trial_mean","all_finite_fits",996,996,0.00776106157792816,0.00265202235913214,0.00827798551662345,0.0111850094533862,2.93168608516059,0.200803212851406,0.200803212851406,0.200803212851406,0.897599824172208,0.685057482060769
"mixed","Mixed efficacy","trial_mean","all_finite_fits",2000,2000,0.0142447859169128,0.00235032634922772,0.0074545371308261,0.0109665410912513,5.57941141969897,0.35,0.35,0.35,0.69844757134049,0.372078647659345
"t_misspec","Student-t errors","trial_mean","all_finite_fits",998,998,0.0139987039000397,0.0021996067617871,0.00707040021362461,0.00998915648859981,3.72550319328112,0.400801603206413,0.400801603206413,0.400801603206413,0.844400476088721,0.475675182837617
"tcga_calib","TCGA-calibrated","trial_mean","all_finite_fits",99,99,0.00148623587366431,0.00113693865363551,0.00361194206778874,0.00422785408914128,0.00545741765424435,0,0,0,0.999060468782185,1.00508084414904
"weibull_misspec","Gumbel (extreme-value) misspecification","trial_mean","all_finite_fits",1000,1000,0.0209654339604808,0.00212061034952638,0.0067235673944901,0.00899387836064129,5.49989367658725,0.5,0.5,0.5,0.783892416488701,0.403778596496881
"heterogeneous","Complete heterogeneity","trial_mean","jointly_qualified",1653,1653,0.00348435377508711,0.00288038920978179,0.00850815480087239,0.011447734444971,0.0172990396960492,0,0,0,0.999548672298131,0.999232734548201
"hetvar_misspec","Heteroskedastic variances","trial_mean","jointly_qualified",992,992,0.00280257624362677,0.00232751933637798,0.00688911058787571,0.00957302250848664,0.0134002634879706,0,0,0,0.999752507688622,0.998387644653212
"homogeneous","Homogeneous","trial_mean","jointly_qualified",1933,1933,0.00338309381564073,0.00284988415462761,0.00821118317942883,0.0108497573338491,0.0196024241072026,0,0,0,0.999500902682695,0.999570947920848
"infcens_misspec","Informative censoring","trial_mean","jointly_qualified",994,994,0.0032179499565908,0.00264607671316186,0.00820604895826714,0.0108119109313268,0.0171801914100864,0,0,0,0.999666927971052,1.00057011605939
"mixed","Mixed efficacy","trial_mean","jointly_qualified",1993,1993,0.00284881130882101,0.00234381810836881,0.00727750258575383,0.0102639150323841,0.013322950419817,0,0,0,0.9996770801512,0.999411530062834
"t_misspec","Student-t errors","trial_mean","jointly_qualified",994,994,0.00273063163207183,0.00219609032416423,0.00692287351197999,0.00945338957223719,0.0127384197822247,0,0,0,0.999698824674761,1.00088040578911
"tcga_calib","TCGA-calibrated","trial_mean","jointly_qualified",70,70,0.00125798476208499,0.000961781861848809,0.0035486263702873,0.00361705300338271,0.00363384607747719,0,0,0,0.999347792191183,1.0026402106251
"weibull_misspec","Gumbel (extreme-value) misspecification","trial_mean","jointly_qualified",995,995,0.00252987530661276,0.00210821542339201,0.00647714139541684,0.00846165108202973,0.0121872837013897,0,0,0,0.999730600484532,1.00085451806956
