"scenario","scenario_label","method_id","method","population","cohort","n_basket_evaluations","n_qualified_trials","bias","empirical_sd","error_sd","coverage_95","mean_interval_width","n_trials","mcse_bias","mean_trial_mse","mcse_trial_mse","mcse_coverage","mcse_interval_width","rmse","mcse_rmse","coverage_95_lower_mc","coverage_95_upper_mc"
"heterogeneous","Complete heterogeneity","gibbs_exnex","exnexSurv (Gibbs DA)","all_fits",,18000,,0.219302855482256,2.78089964527808,2.50991886955394,94.4055555555556,2.41881128358708,2000,0.0183524834359233,6.34743649123608,0.536388279388913,0.175195898851333,0.0533708911037854,2.51941193361389,0.106451087301851,94.0621715938069,94.7489395173042
"heterogeneous","Complete heterogeneity","gibbs_exnex","exnexSurv (Gibbs DA)","jointly_qualified",,14877,,-0.0671444650181002,0.89892466977495,0.406973256226278,94.5822410432211,1.51537621546815,1653,0.0035990477547002,0.170124477359091,0.0023863232915819,0.19053408107276,0.00311933382241632,0.412461485910007,0.00289278317261186,94.2087942443185,94.9556878421237
"heterogeneous","Complete heterogeneity","gibbs_exnex","exnexSurv (Gibbs DA)","qualified_trials",,14931,1659,-0.0674218152261459,0.898661004440198,0.407408237343071,94.5884401580604,1.51667978914142,1659,0.0035951942960983,0.170516056455709,0.00238584564575801,0.190255189296348,0.00315527400526033,0.412935898724861,0.00288888136527419,94.2155399870396,94.9613403290813
"heterogeneous","Complete heterogeneity","stan_exnex","Stan EXNEX (NUTS)","all_fits",,18000,,1.25981697661444,9.7961022206915,9.57780806736105,93.6833333333333,5.67812311031113,2000,0.0695341327936781,93.3164498338071,5.04369884613918,0.18519018298705,0.214847855952761,9.66004398715695,0.261059828135606,93.3203605746787,94.0463060919879
"heterogeneous","Complete heterogeneity","stan_exnex","Stan EXNEX (NUTS)","jointly_qualified",,14877,,-0.0670348043283854,0.898930211991316,0.406902219886253,94.541910331384,1.51501509008455,1653,0.00360018570285802,0.170051952318993,0.00238283366741293,0.191495842142718,0.00311238316441571,0.412373559189957,0.0028891688304333,94.1665784807843,94.9172421819837
"heterogeneous","Complete heterogeneity","stan_exnex","Stan EXNEX (NUTS)","qualified_trials",,16101,1789,0.515093140136789,6.87929873284498,6.71323788857774,93.9817402645798,3.1565546095585,1789,0.0512058128944314,45.3300848379936,3.98210178101339,0.191900601935546,0.144145428813544,6.73276205119367,0.295725717820919,93.6056150847862,94.3578654443735
"heterogeneous","Complete heterogeneity","stan_pooled","Complete pooling","all_fits",,18000,,-0.498139037236593,0.144717525253367,0.979027705605144,16.2833333333333,0.544123597721296,2000,0.00323670162695563,1.20658449902545,0.00326938728112566,0.123960920043613,0.000934044618982518,1.09844640243639,0.00148818698567088,16.0403699300479,16.5262967366188
"heterogeneous","Complete heterogeneity","stan_pooled","Complete pooling","qualified_trials",,18000,2000,-0.498139037236593,0.144717525253367,0.979027705605144,16.2833333333333,0.544123597721296,2000,0.00323670162695563,1.20658449902545,0.00326938728112566,0.123960920043613,0.000934044618982518,1.09844640243639,0.00148818698567088,16.0403699300479,16.5262967366188
"heterogeneous","Complete heterogeneity","stan_unpooled","No pooling (stratified)","all_fits",,18000,,1.59674263269681,11.2823713137308,11.0503090605491,93.4222222222222,5.91436198795375,2000,0.0803391966848301,124.652133517041,6.43126524721166,0.188369123394758,0.219049388597176,11.1647719867913,0.288015969104442,93.0530187403685,93.7914257040759
"heterogeneous","Complete heterogeneity","stan_unpooled","No pooling (stratified)","qualified_trials",,17793,1977,1.50025642035124,10.9403461877,10.7128305525885,93.5311639408756,5.64734536109577,1977,0.0783764271771187,117.009057781548,6.27709944918835,0.188377888978241,0.213471598592657,10.8170725143889,0.290147793723233,93.1619432784783,93.900384603273
"hetvar_misspec","Heteroskedastic variances","gibbs_exnex","exnexSurv (Gibbs DA)","all_fits",,9000,,0.0714550950211666,0.944086936446199,0.447622713261547,92.0222222222222,1.3770986398756,1000,0.00510571902422138,0.205449661132844,0.0121101897674496,0.277800243780635,0.00766675255234828,0.453265552554839,0.0133588243130217,91.4777337444122,92.5667107000323
"hetvar_misspec","Heteroskedastic variances","gibbs_exnex","exnexSurv (Gibbs DA)","jointly_qualified",,8928,,0.0686972471931402,0.938129557650806,0.42735357070676,92.0474910394265,1.36340112482691,992,0.00491276249565741,0.187329930178217,0.00370097196970397,0.278999074163568,0.00364761484957278,0.43281627762622,0.00427545376759158,91.5006528540659,92.5943292247871
"hetvar_misspec","Heteroskedastic variances","gibbs_exnex","exnexSurv (Gibbs DA)","qualified_trials",,8937,993,0.0685243527070688,0.938431466121966,0.427938936275111,92.0443101711984,1.3638395035693,993,0.00491085706329894,0.187806828683972,0.00372787314775963,0.278736116947795,0.00367021419538665,0.433366852313339,0.00430105940020563,91.4979873819807,92.5906329604161
"hetvar_misspec","Heteroskedastic variances","stan_exnex","Stan EXNEX (NUTS)","all_fits",,9000,,0.0965367025955261,1.44457296207199,1.19846775225676,92.2,1.49107489541111,1000,0.0126670665130522,1.44548469648593,0.594991453746768,0.278404586981472,0.052032611522464,1.2022831182737,0.247442322321338,91.6543270095163,92.7456729904837
"hetvar_misspec","Heteroskedastic variances","stan_exnex","Stan EXNEX (NUTS)","jointly_qualified",,8928,,0.0687452273061711,0.938170203238076,0.427439736367158,92.2155017921147,1.36382618526955,992,0.00491878502001189,0.18741017026373,0.00370238267841349,0.279952811529867,0.00367859304033811,0.432908963020783,0.00427616773348689,91.6667942815161,92.7642093027132
"hetvar_misspec","Heteroskedastic variances","stan_exnex","Stan EXNEX (NUTS)","qualified_trials",,8946,994,0.0688734220888426,0.938382589589431,0.427478880602619,92.2199865861838,1.36386416250107,994,0.00491088934752495,0.187461314826962,0.00369815543242519,0.279519112397966,0.00367165336666265,0.432968029797769,0.00427070265921543,91.6721291258838,92.7678440464838
"hetvar_misspec","Heteroskedastic variances","stan_pooled","Complete pooling","all_fits",,9000,,0.423858483939425,0.140797859217758,0.960369503513414,37.0444444444444,0.53363493888789,1000,0.00413740963902122,1.10186311884344,0.00411938512911819,0.635543484317738,0.00164319757966828,1.04969667944766,0.00196217879401399,35.7987792151817,38.2901096737072
"hetvar_misspec","Heteroskedastic variances","stan_pooled","Complete pooling","qualified_trials",,9000,1000,0.423858483939425,0.140797859217758,0.960369503513414,37.0444444444444,0.53363493888789,1000,0.00413740963902122,1.10186311884344,0.00411938512911819,0.635543484317738,0.00164319757966828,1.04969667944766,0.00196217879401399,35.7987792151817,38.2901096737072
"hetvar_misspec","Heteroskedastic variances","stan_unpooled","No pooling (stratified)","all_fits",,9000,,0.0794471689720057,2.31439296394944,2.12062856718689,92.1,1.58930349067164,1000,0.022269152872856,4.50287769868013,1.74971631502941,0.280677556997551,0.05970278621064,2.12199851523985,0.412280287300682,91.5498719882848,92.6501280117152
"hetvar_misspec","Heteroskedastic variances","stan_unpooled","No pooling (stratified)","qualified_trials",,9000,1000,0.0794471689720057,2.31439296394944,2.12062856718689,92.1,1.58930349067164,1000,0.022269152872856,4.50287769868013,1.74971631502941,0.280677556997551,0.05970278621064,2.12199851523985,0.412280287300682,91.5498719882848,92.6501280117152
"homogeneous","Homogeneous","gibbs_exnex","exnexSurv (Gibbs DA)","all_fits",,18000,,0.0595589316516987,1.05366177371431,1.05241866719015,97.0222222222222,1.53008605466578,2000,0.00796180518766846,1.11107078488695,0.271646825886004,0.132011306703203,0.0271707353179464,1.05407342480823,0.128855741683946,96.763480061084,97.2809643833605
"homogeneous","Homogeneous","gibbs_exnex","exnexSurv (Gibbs DA)","jointly_qualified",,17397,,0.0183647732342718,0.31585988438595,0.30973963918491,97.068460079324,1.3626552350693,1933,0.00300539684116883,0.0962703943123629,0.0012631019426968,0.133539734604745,0.00213002476083666,0.310274707819318,0.00203545746859964,96.8067221994987,97.3301979591493
"homogeneous","Homogeneous","gibbs_exnex","exnexSurv (Gibbs DA)","qualified_trials",,17415,1935,0.0184008356352127,0.315864693453312,0.30975399676434,97.0714900947459,1.36303322815547,1935,0.00300275025117348,0.0962806197867547,0.00126216485007844,0.133418868894714,0.00214453570310202,0.310291185480275,0.00203383935661085,96.8099891117123,97.3329910777796
"homogeneous","Homogeneous","stan_exnex","Stan EXNEX (NUTS)","all_fits",,18000,,0.195255254617503,3.12891690549928,3.12806839907684,96.95,2.07761105623716,2000,0.023106340889604,9.82239292309724,1.41389457084805,0.130830300553927,0.0876741365114929,3.13406970616437,0.22556846263934,96.6935726109143,97.2064273890857
"homogeneous","Homogeneous","stan_exnex","Stan EXNEX (NUTS)","jointly_qualified",,17397,,0.0183944548653316,0.315738805405701,0.309612430067623,97.0742081968155,1.36268952335447,1933,0.00300541943618894,0.0961927026849724,0.00126023310550672,0.131484988815895,0.00212770608099028,0.310149484418357,0.00203165436155748,96.8164976187364,97.3319187748947
"homogeneous","Homogeneous","stan_exnex","Stan EXNEX (NUTS)","qualified_trials",,17487,1943,0.051222637088151,1.59109433277025,1.58981084779993,97.043518041974,1.46118094652628,1943,0.0121907133325616,2.52997775447556,0.897695041311039,0.131614203049085,0.0348329896504875,1.59059037922262,0.282189259106979,96.7855542039978,97.3014818799502
"homogeneous","Homogeneous","stan_pooled","Complete pooling","all_fits",,18000,,0.00726054457539497,0.11934594920604,0.139733605958728,89.6222222222222,0.461996556023923,2000,0.00261813187941517,0.0195771113928363,0.000432908206365312,0.413956520649389,0.000824274074503015,0.139918231095295,0.00154700428591921,88.8108674417494,90.433577002695
"homogeneous","Homogeneous","stan_pooled","Complete pooling","qualified_trials",,18000,2000,0.00726054457539497,0.11934594920604,0.139733605958728,89.6222222222222,0.461996556023923,2000,0.00261813187941517,0.0195771113928363,0.000432908206365312,0.413956520649389,0.000824274074503015,0.139918231095295,0.00154700428591921,88.8108674417494,90.433577002695
"homogeneous","Homogeneous","stan_unpooled","No pooling (stratified)","all_fits",,18000,,0.316672319750976,4.78304995650262,4.78225594457996,94.8444444444444,2.38532500171768,2000,0.0351104794630183,22.9689827235713,2.78373765586538,0.166468115849778,0.0953799080526446,4.79259665771817,0.290420606476695,94.5181669373789,95.17072195151
"homogeneous","Homogeneous","stan_unpooled","No pooling (stratified)","qualified_trials",,17955,1995,0.295809234854868,4.61148587082601,4.61066923273707,94.8705096073517,2.32701598012711,1995,0.0339332194247222,21.3445899021532,2.69366790411532,0.166364716869549,0.0919811340601961,4.62002055213537,0.291521203609181,94.5444347622874,95.196584452416
"infcens_misspec","Informative censoring","gibbs_exnex","exnexSurv (Gibbs DA)","all_fits",,9000,,0.213491084795536,0.964857333490681,0.449692785043739,92.8333333333333,1.55679698275847,1000,0.0052754060621788,0.247779574918579,0.0437403926662215,0.278799145499825,0.0124632063312163,0.497774622614069,0.0439359407642341,92.2868870081537,93.379779658513
"infcens_misspec","Informative censoring","gibbs_exnex","exnexSurv (Gibbs DA)","jointly_qualified",,8946,,0.210645665508317,0.945021904536212,0.394326778625697,92.8236083165661,1.54072624091724,994,0.00472897078138724,0.199847823383033,0.00372836544325105,0.279673029899628,0.00440145812702232,0.447043424493676,0.00417002604106504,92.2754491779628,93.3717674551693
"infcens_misspec","Informative censoring","gibbs_exnex","exnexSurv (Gibbs DA)","qualified_trials",,8982,998,0.210616390323928,0.944550187090672,0.394340688175795,92.8523714094856,1.54092443331705,998,0.00472436295803595,0.199846529311733,0.00372525432962299,0.2789214288717,0.00439128250913249,0.447041977124892,0.00416655987607876,92.3056854088971,93.3990574100742
"infcens_misspec","Informative censoring","stan_exnex","Stan EXNEX (NUTS)","all_fits",,8964,,0.217873163726493,1.05825840898395,0.634514515153301,92.8045515394913,1.58206747441997,996,0.00706516333320028,0.45003247145995,0.177230931305314,0.278654662086935,0.0295247226487348,0.6708445956106,0.132095370869015,92.2583884018009,93.3507146771817
"infcens_misspec","Informative censoring","stan_exnex","Stan EXNEX (NUTS)","jointly_qualified",,8946,,0.210436990688697,0.944961790753714,0.394002626823823,92.8236083165661,1.54076496433397,994,0.00472351699269025,0.199504444203002,0.00372377029691098,0.27877713943836,0.00439213957557944,0.446659203647481,0.00416846923392841,92.2772051232669,93.3700115098653
"infcens_misspec","Informative censoring","stan_exnex","Stan EXNEX (NUTS)","qualified_trials",,8946,994,0.210436990688697,0.944961790753714,0.394002626823823,92.8236083165661,1.54076496433397,994,0.00472351699269025,0.199504444203002,0.00372377029691098,0.27877713943836,0.00439213957557944,0.446659203647481,0.00416846923392841,92.2772051232669,93.3700115098653
"infcens_misspec","Informative censoring","stan_pooled","Complete pooling","all_fits",,8982,,0.548102083081909,0.17597517687434,0.964587678463498,51.002004008016,0.587357767794727,998,0.00522580007056639,1.23074169470262,0.00642399390627828,0.560432917731064,0.00165408842304347,1.10938798204353,0.00289528731618539,49.9035554892631,52.1004525267689
"infcens_misspec","Informative censoring","stan_pooled","Complete pooling","qualified_trials",,8982,998,0.548102083081909,0.17597517687434,0.964587678463498,51.002004008016,0.587357767794727,998,0.00522580007056639,1.23074169470262,0.00642399390627828,0.560432917731064,0.00165408842304347,1.10938798204353,0.00289528731618539,49.9035554892631,52.1004525267689
"infcens_misspec","Informative censoring","stan_unpooled","No pooling (stratified)","all_fits",,8973,,0.176165156181904,1.63963470740619,1.2821288362717,92.1876741335116,1.70212251131866,997,0.0135494442687989,1.67470531496813,1.02518982288799,0.280779949323847,0.0345480202965356,1.29410405878667,0.396100226997662,91.6373454328369,92.7380028341864
"infcens_misspec","Informative censoring","stan_unpooled","No pooling (stratified)","qualified_trials",,8973,997,0.176165156181904,1.63963470740619,1.2821288362717,92.1876741335116,1.70212251131866,997,0.0135494442687989,1.67470531496813,1.02518982288799,0.280779949323847,0.0345480202965356,1.29410405878667,0.396100226997662,91.6373454328369,92.7380028341864
"mixed","Mixed efficacy","gibbs_exnex","exnexSurv (Gibbs DA)","all_fits",,18000,,0.0819133016789757,0.875485736024525,0.431106808702029,93.95,1.46476289735166,2000,0.00327123304218905,0.192552544330059,0.012184624655028,0.17955378341487,0.00636719631822046,0.438808095105434,0.0138837737850989,93.5980745845069,94.3019254154931
"mixed","Mixed efficacy","gibbs_exnex","exnexSurv (Gibbs DA)","jointly_qualified",,17937,,0.079425827924017,0.866690404021724,0.40418674701886,93.9677761052573,1.45131754028479,1993,0.00308612854613119,0.169666280789382,0.00223913777119752,0.179539914289178,0.00258556234924073,0.411905669770862,0.00271802251768362,93.6158778732505,94.3196743372641
"mixed","Mixed efficacy","gibbs_exnex","exnexSurv (Gibbs DA)","qualified_trials",,17937,1993,0.079425827924017,0.866690404021724,0.40418674701886,93.9677761052573,1.45131754028479,1993,0.00308612854613119,0.169666280789382,0.00223913777119752,0.179539914289178,0.00258556234924073,0.411905669770862,0.00271802251768362,93.6158778732505,94.3196743372641
"mixed","Mixed efficacy","stan_exnex","Stan EXNEX (NUTS)","all_fits",,18000,,0.0932805242098564,1.12347181267357,0.844290331731648,93.9111111111111,1.52287846991886,2000,0.00628943125046122,0.721487818998832,0.241789212780242,0.17846291190389,0.0272097953523831,0.849404390734373,0.142328680789605,93.5613238037795,94.2608984184427
"mixed","Mixed efficacy","stan_exnex","Stan EXNEX (NUTS)","jointly_qualified",,17937,,0.0793869690009944,0.86677879699655,0.404125637311948,93.9454758320789,1.45139544689048,1993,0.00308739506711537,0.169610716516078,0.00224282036722456,0.178292739040794,0.00259256844823873,0.411838216434655,0.00272293861730583,93.596022063559,94.2949296005989
"mixed","Mixed efficacy","stan_exnex","Stan EXNEX (NUTS)","qualified_trials",,17937,1993,0.0793869690009944,0.86677879699655,0.404125637311948,93.9454758320789,1.45139544689048,1993,0.00308739506711537,0.169610716516078,0.00224282036722456,0.178292739040794,0.00259256844823873,0.411838216434655,0.00272293861730583,93.596022063559,94.2949296005989
"mixed","Mixed efficacy","stan_pooled","Complete pooling","all_fits",,18000,,0.39398880909612,0.145449954233918,0.960570629730988,33.7944444444444,0.540950168446437,2000,0.00304759822189496,1.0778718555095,0.00285992995006043,0.465310961719327,0.00101402364915033,1.0382060756466,0.00137734213714713,32.8824349594746,34.7064539294143
"mixed","Mixed efficacy","stan_pooled","Complete pooling","qualified_trials",,18000,2000,0.39398880909612,0.145449954233918,0.960570629730988,33.7944444444444,0.540950168446437,2000,0.00304759822189496,1.0778718555095,0.00285992995006043,0.465310961719327,0.00101402364915033,1.0382060756466,0.00137734213714713,32.8824349594746,34.7064539294143
"mixed","Mixed efficacy","stan_unpooled","No pooling (stratified)","all_fits",,18000,,0.0570240856606979,1.85890223770232,1.62136671690557,94.9,1.64119835742432,2000,0.0120536539960994,2.63193573092176,0.927856066882998,0.16602511172837,0.031951618991967,1.62232417565718,0.285965061978792,94.5745907810124,95.2254092189876
"mixed","Mixed efficacy","stan_unpooled","No pooling (stratified)","qualified_trials",,17991,1999,0.0524734204227592,1.76021314433804,1.50289539159941,94.9030070590851,1.62883688052663,1999,0.0111672166307087,2.26132247213769,0.851050515683579,0.166080938696392,0.0294782769837298,1.5037694212005,0.282972410425849,94.5774884192402,95.22852569893
"t_misspec","Student-t errors","gibbs_exnex","exnexSurv (Gibbs DA)","all_fits",,9000,,0.0781444385138908,0.93317284010778,0.503759377843351,94.2555555555556,1.43998881532754,1000,0.00531694988753085,0.25985186697902,0.0642756268987813,0.249497078142968,0.0137217168419636,0.509756674285899,0.0630454000321064,93.7665412823953,94.7445698287158
"t_misspec","Student-t errors","gibbs_exnex","exnexSurv (Gibbs DA)","jointly_qualified",,8946,,0.0723675753919381,0.882602888561261,0.39539763709011,94.2655935613682,1.41604102987069,994,0.00429682422252277,0.161558881496844,0.00317501289593684,0.250138158060004,0.00488883791137412,0.401943878541326,0.00394957239734452,93.7753227715706,94.7558643511658
"t_misspec","Student-t errors","gibbs_exnex","exnexSurv (Gibbs DA)","qualified_trials",,8964,996,0.0724705667110949,0.882618661487814,0.39520926422987,94.2547969656403,1.41573906956882,996,0.00428957017169241,0.161424921391091,0.00317072480303286,0.250250511469192,0.00488372949720762,0.401777203672746,0.00394587444739083,93.7643059631607,94.74528796812
"t_misspec","Student-t errors","stan_exnex","Stan EXNEX (NUTS)","all_fits",,8982,,0.0891460397713857,1.20006466326133,0.919962921816095,94.2440436428412,1.50057849903749,998,0.00965029663463907,0.85418456860853,0.380198350702217,0.251842830941126,0.042614076771563,0.924221060465801,0.205685829378633,93.7504316941966,94.7376555914858
"t_misspec","Student-t errors","stan_exnex","Stan EXNEX (NUTS)","jointly_qualified",,8946,,0.0721806186843486,0.882603497010513,0.395243463400848,94.2544153811759,1.41592715915498,994,0.00429216910731941,0.161409974812807,0.00316991053449532,0.252617737091707,0.00486088108456797,0.401758602661856,0.0039450437569887,93.7592846164762,94.7495461458757
"t_misspec","Student-t errors","stan_exnex","Stan EXNEX (NUTS)","qualified_trials",,8946,994,0.0721806186843486,0.882603497010513,0.395243463400848,94.2544153811759,1.41592715915498,994,0.00429216910731941,0.161409974812807,0.00316991053449532,0.252617737091707,0.00486088108456797,0.401758602661856,0.0039450437569887,93.7592846164762,94.7495461458757
"t_misspec","Student-t errors","stan_pooled","Complete pooling","all_fits",,8964,,0.397367754874114,0.139426556617195,0.960217170849271,33.5341365461847,0.529688740184969,996,0.00409290806090122,1.07981529004139,0.00387278975214022,0.639582164323119,0.00174160637958381,1.03914161212098,0.0018634561964252,32.2805555041114,34.7877175882581
"t_misspec","Student-t errors","stan_pooled","Complete pooling","qualified_trials",,8964,996,0.397367754874114,0.139426556617195,0.960217170849271,33.5341365461847,0.529688740184969,996,0.00409290806090122,1.07981529004139,0.00387278975214022,0.639582164323119,0.00174160637958381,1.03914161212098,0.0018634561964252,32.2805555041114,34.7877175882581
"t_misspec","Student-t errors","stan_unpooled","No pooling (stratified)","all_fits",,8982,,0.0542059068550944,1.93631209798643,1.69477488636375,94.7116455132487,1.61031740952578,998,0.0177701221420802,2.87488041601488,1.35512789746463,0.238103663296859,0.0487155079057184,1.69554723202124,0.399613727023457,94.2449623331869,95.1783286933106
"t_misspec","Student-t errors","stan_unpooled","No pooling (stratified)","qualified_trials",,8982,998,0.0542059068550944,1.93631209798643,1.69477488636375,94.7116455132487,1.61031740952578,998,0.0177701221420802,2.87488041601488,1.35512789746463,0.238103663296859,0.0487155079057184,1.69554723202124,0.399613727023457,94.2449623331869,95.1783286933106
"tcga_calib","TCGA-calibrated","gibbs_exnex","exnexSurv (Gibbs DA)","all_fits",,9000,,0.010539961707018,0.51570873234955,0.112982900005131,95.1888888888889,0.423671655618148,1000,0.00142209205279743,0.0128748081379444,0.000238346031728938,0.235167121809403,0.000338684259489056,0.113467211730722,0.00105028592883104,94.7279613301424,95.6498164476353
"tcga_calib","TCGA-calibrated","gibbs_exnex","exnexSurv (Gibbs DA)","jointly_qualified",,630,,0.00137360446413194,0.518765412236862,0.107768638388299,95.8730158730159,0.422829213196254,70,0.00538332748106924,0.0115975311625933,0.000735531757398609,0.851149285841062,0.0013072298749822,0.107691834242868,0.00341498388698548,94.2047632727674,97.5412684732644
"tcga_calib","TCGA-calibrated","gibbs_exnex","exnexSurv (Gibbs DA)","qualified_trials",,6822,758,0.00943991289330837,0.51480991162757,0.112746642335876,95.3532688361184,0.423363401718177,758,0.00160967217839459,0.0127990539588067,0.000276477385405833,0.264201099864017,0.000377478110985934,0.113132903961697,0.00122191411925322,94.835434680385,95.8711029918519
"tcga_calib","TCGA-calibrated","stan_exnex","Stan EXNEX (NUTS)","all_fits",,891,,0.0052292295930969,0.517724680931028,0.107746469523312,95.6228956228956,0.42350889884371,99,0.00435508231765571,0.0116236170175771,0.000613272953337587,0.710188699385926,0.00105536869727341,0.107812879646066,0.00284415440599896,94.2309257720992,97.014865473692
"tcga_calib","TCGA-calibrated","stan_exnex","Stan EXNEX (NUTS)","jointly_qualified",,630,,0.0015167757869437,0.518605704432784,0.107521937148149,95.7142857142857,0.423389778733919,70,0.005365649986743,0.0115449168356591,0.000730240093883484,0.854788064624525,0.00127041777319507,0.107447274677672,0.00339813222845396,94.0389011076217,97.3896703209498
"tcga_calib","TCGA-calibrated","stan_exnex","Stan EXNEX (NUTS)","qualified_trials",,891,99,0.0052292295930969,0.517724680931028,0.107746469523312,95.6228956228956,0.42350889884371,99,0.00435508231765571,0.0116236170175771,0.000613272953337587,0.710188699385926,0.00105536869727341,0.107812879646066,0.00284415440599896,94.2309257720992,97.014865473692
"tcga_calib","TCGA-calibrated","stan_pooled","Complete pooling","all_fits",,900,,0.223425316913466,0.0394984796408032,0.512077253406083,10.8888888888889,0.168037009863437,100,0.00396754054070931,0.311850626678849,0.00175352722671558,0.156339215706989,0.000583601007546313,0.55843587517176,0.00157003454172446,10.5824640261032,11.1953137516746
"tcga_calib","TCGA-calibrated","stan_pooled","Complete pooling","qualified_trials",,900,100,0.223425316913466,0.0394984796408032,0.512077253406083,10.8888888888889,0.168037009863437,100,0.00396754054070931,0.311850626678849,0.00175352722671558,0.156339215706989,0.000583601007546313,0.55843587517176,0.00157003454172446,10.5824640261032,11.1953137516746
"tcga_calib","TCGA-calibrated","stan_unpooled","No pooling (stratified)","all_fits",,900,,0.00482385550214652,0.527065351654849,0.110587889834196,95.2222222222222,0.428374783579468,100,0.00435816957627034,0.0122393624250213,0.000647007202234792,0.710756786023822,0.00110006292418205,0.11063165200349,0.00292415050538331,93.8291389216155,96.6153055228289
"tcga_calib","TCGA-calibrated","stan_unpooled","No pooling (stratified)","qualified_trials",,900,100,0.00482385550214652,0.527065351654849,0.110587889834196,95.2222222222222,0.428374783579468,100,0.00435816957627034,0.0122393624250213,0.000647007202234792,0.710756786023822,0.00110006292418205,0.11063165200349,0.00292415050538331,93.8291389216155,96.6153055228289
"weibull_misspec","Gumbel (extreme-value) misspecification","gibbs_exnex","exnexSurv (Gibbs DA)","all_fits",,9000,,0.0312991084212251,1.00450537890594,0.627231879377769,93.7222222222222,1.32864995040967,1000,0.00660697757933165,0.394355751381231,0.212088699374373,0.262074188754397,0.0142174861587688,0.627977508658734,0.168866477262349,93.2085568122636,94.2358876321808
"weibull_misspec","Gumbel (extreme-value) misspecification","gibbs_exnex","exnexSurv (Gibbs DA)","jointly_qualified",,8955,,0.0230944077787659,0.878033457405332,0.372505142423387,93.7353433835846,1.30292255272201,995,0.00419838163881655,0.139277937539412,0.00291676512832548,0.263136356725583,0.00355936321993639,0.373199594773912,0.00390778174624289,93.2195961244024,94.2510906427667
"weibull_misspec","Gumbel (extreme-value) misspecification","gibbs_exnex","exnexSurv (Gibbs DA)","qualified_trials",,8955,995,0.0230944077787659,0.878033457405332,0.372505142423387,93.7353433835846,1.30292255272201,995,0.00419838163881655,0.139277937539412,0.00291676512832548,0.263136356725583,0.00355936321993639,0.373199594773912,0.00390778174624289,93.2195961244024,94.2510906427667
"weibull_misspec","Gumbel (extreme-value) misspecification","stan_exnex","Stan EXNEX (NUTS)","all_fits",,9000,,0.0495979326932706,1.46987002153066,1.25390569833089,93.7111111111111,1.4112683690982,1000,0.013060799395859,1.57456475751186,0.711209415217139,0.258721020011567,0.0489950338676374,1.25481662306166,0.283391773007375,93.2040179118884,94.2182043103338
"weibull_misspec","Gumbel (extreme-value) misspecification","stan_exnex","Stan EXNEX (NUTS)","jointly_qualified",,8955,,0.0229442733482578,0.877891890854202,0.372247083384541,93.7353433835846,1.30205790517096,995,0.00419653483849673,0.139078856966427,0.0029056061697749,0.259313563289715,0.00356108899686418,0.372932778079947,0.00389561650324019,93.2270887995367,94.2435979676324
"weibull_misspec","Gumbel (extreme-value) misspecification","stan_exnex","Stan EXNEX (NUTS)","qualified_trials",,8955,995,0.0229442733482578,0.877891890854202,0.372247083384541,93.7353433835846,1.30205790517096,995,0.00419653483849673,0.139078856966427,0.0029056061697749,0.259313563289715,0.00356108899686418,0.372932778079947,0.00389561650324019,93.2270887995367,94.2435979676324
"weibull_misspec","Gumbel (extreme-value) misspecification","stan_pooled","Complete pooling","all_fits",,9000,,0.346955544948083,0.136904473048681,0.959071136859776,23.1,0.4884618409513,1000,0.00400451098170306,1.04009339378933,0.00355866065944515,0.599554430304383,0.00128110018732633,1.01984969176312,0.00174469860028733,21.9248733166034,24.2751266833966
"weibull_misspec","Gumbel (extreme-value) misspecification","stan_pooled","Complete pooling","qualified_trials",,9000,1000,0.346955544948083,0.136904473048681,0.959071136859776,23.1,0.4884618409513,1000,0.00400451098170306,1.04009339378933,0.00355866065944515,0.599554430304383,0.00128110018732633,1.01984969176312,0.00174469860028733,21.9248733166034,24.2751266833966
"weibull_misspec","Gumbel (extreme-value) misspecification","stan_unpooled","No pooling (stratified)","all_fits",,9000,,0.0196454106422226,2.12564535777351,1.92365029427239,94.7888888888889,1.4945214117648,1000,0.0200898460500279,3.70040523787415,1.58796143420586,0.233460409967689,0.0529031033971352,1.92364373985261,0.412748317504863,94.3313064853522,95.2464712924256
"weibull_misspec","Gumbel (extreme-value) misspecification","stan_unpooled","No pooling (stratified)","qualified_trials",,9000,1000,0.0196454106422226,2.12564535777351,1.92365029427239,94.7888888888889,1.4945214117648,1000,0.0200898460500279,3.70040523787415,1.58796143420586,0.233460409967689,0.0529031033971352,1.92364373985261,0.412748317504863,94.3313064853522,95.2464712924256
