"config","cohort","n_basket_evaluations","bias","error_sd","rmse","bias2_plus_error_sd2","coverage_95","mean_interval_width","median_abs_error","p90_abs_error","p95_abs_error","max_abs_error","prop_abs_error_gt_0_5","prop_abs_error_gt_1","qualified_basket_rate","n_trials","qualified_trial_rate","n_confident","sign_error_rate","confident_sign_error"
"Default priors","Resistant 7-9",1500,0.321210952587425,0.743674085038808,0.809851171547746,0.65622762082043,90.9333333333333,2.02909409575386,0.366536331426181,0.937605088167555,1.11946731074342,19.183892173063,35.5333333333333,8.13333333333333,99.7333333333333,500,99.2,107,32.3333333333333,8.41121495327103
"Default priors","Responsive 1-6",3000,-0.0367899335385558,0.303713446903698,0.305883327028384,0.0935953570398965,95.5333333333333,1.22843384375331,0.19347731249198,0.495805819712503,0.618553867517025,1.33054146890451,9.8,0.3,100,500,99.2,2961,0,0
"p_exch = 0.3","Resistant 7-9",1500,0.312250443810369,0.843625629827458,0.899294208528377,0.809204542961548,91.1333333333333,2.07983634123596,0.370586266064144,0.936633213253642,1.12745394343357,20.127079306316,35.4666666666667,8.2,99.7333333333333,500,99.2,119,31.4666666666667,8.40336134453782
"p_exch = 0.3","Responsive 1-6",3000,-0.0339400171879919,0.30471828786736,0.30655213039419,0.0940051597275367,95.5,1.22992307743662,0.195235873214036,0.496253507670487,0.622125177606747,1.33108197886741,9.9,0.366666666666667,100,500,99.2,2962,0,0
"p_exch = 0.7","Resistant 7-9",1500,0.31431188921279,0.544296252593806,0.628373192204374,0.395050374288174,90.5333333333333,1.90540330614177,0.362727672594759,0.930704020292148,1.12086738508085,10.8239256001657,35.0666666666667,8.06666666666667,99.9333333333333,500,99.8,111,32.1333333333333,9.00900900900901
"p_exch = 0.7","Responsive 1-6",3000,-0.0383725849887098,0.303282933177926,0.305650670957118,0.0934529928357219,95.4,1.22738108293343,0.195295347501434,0.495362261666659,0.620949962270967,1.29521392844442,9.73333333333333,0.3,100,500,99.8,2962,0,0
"v_nex = 10","Resistant 7-9",1500,0.148708538257335,0.553915758967177,0.573351854394369,0.328936897382817,92.8666666666667,2.04123144819088,0.346811483131276,0.929986696345551,1.12284502493016,3.28949784248382,34.4666666666667,7.73333333333333,100,500,100,190,24.8666666666667,4.73684210526316
"v_nex = 10","Responsive 1-6",3000,-0.00713777362678679,0.313684594610292,0.313713521172644,0.0984489727081706,95.4333333333333,1.24832429587552,0.19828682155827,0.507147923545161,0.649328650123329,1.38509931456826,10.6333333333333,0.366666666666667,100,500,100,2956,0,0
"v_nex = 100","Resistant 7-9",1500,0.230733282053033,0.579290803404218,0.623371449297337,0.388815682355668,91.7333333333333,2.05354807233075,0.373132617439087,0.951880122119974,1.14040486991169,6.6530090980901,35.9333333333333,8.73333333333333,99.7333333333333,500,99,150,29.1333333333333,7.33333333333333
"v_nex = 100","Responsive 1-6",3000,-0.020484174019351,0.309045037808987,0.309671762518232,0.0959284367796132,95.5,1.23932646034436,0.1973693065202,0.503804395260296,0.64060966677064,1.39320160445981,10.2,0.366666666666667,99.9666666666667,500,99,2960,0,0
"tau2 ~ IG(3,3)","Resistant 7-9",1500,0.316565351408849,0.722711753160676,0.788782410861037,0.622525899869186,91.2,1.98741691028098,0.363489877153411,0.926088974107316,1.12203261388505,18.9354773773952,34.4666666666667,7.8,99.8,500,99.4,113,31.4666666666667,7.9646017699115
"tau2 ~ IG(3,3)","Responsive 1-6",3000,-0.0360402800744458,0.303846355046712,0.305926028739833,0.0936215092630169,95.5666666666667,1.22894499902975,0.194009598995625,0.495707548151065,0.617158562964064,1.32175892712922,9.8,0.3,100,500,99.4,2963,0,0
"sigma2 ~ IG(3,3)","Resistant 7-9",1500,0.321153403328325,0.864919883314248,0.922348734889357,0.851225913021698,91.0666666666667,1.97290702041876,0.368156119411968,0.934715212439136,1.12678975647522,27.0535055837402,35.2,8.2,99.7333333333333,500,99.2,113,31.8,9.73451327433628
"sigma2 ~ IG(3,3)","Responsive 1-6",3000,-0.0377818595501864,0.303676139143839,0.305967198673131,0.0936466663963782,95.4333333333333,1.22446505197408,0.195181721248237,0.495805784911405,0.625605909540216,1.32721752576062,9.73333333333333,0.3,100,500,99.2,2961,0,0
"mu ~ N(0, 100)","Resistant 7-9",1500,0.311821563190978,0.599508901899987,0.675576793152258,0.456643610728194,91.0666666666667,1.94916279786735,0.36517687355353,0.936703094539688,1.12464215241947,11.295549237893,35.4666666666667,8.06666666666667,99.8,500,99.4,111,32.2666666666667,9.00900900900901
"mu ~ N(0, 100)","Responsive 1-6",3000,-0.037047232255667,0.303695350048976,0.305896419458115,0.0936033630591755,95.4666666666667,1.22915542749475,0.194560556097631,0.497225996497296,0.621117039254631,1.32450874171282,9.93333333333333,0.3,100,500,99.4,2960,0,0
"p_exch = 0.7, v_nex = 10","Resistant 7-9",1500,0.21424760202475,0.539451021423813,0.580271862623209,0.336909439488551,91.8666666666667,2.01654763709537,0.366938505627709,0.93986217367726,1.13829975361492,2.95514731758947,35.6666666666667,8.46666666666667,99.9333333333333,500,99.8,153,28.3333333333333,5.88235294117647
"p_exch = 0.7, v_nex = 10","Responsive 1-6",3000,-0.019469779389787,0.307769406532677,0.30833343299816,0.0951010799069633,95.3666666666667,1.23560776929307,0.196008644173345,0.502545130949292,0.636407327780389,1.38305224132513,10.2,0.366666666666667,100,500,99.8,2961,0,0
