"scenario","scenario_label","rep_id","group","n_total","n_events","observed_cens","gibbs_mean","stan_mean","absolute_difference","gibbs_rhat","stan_rhat","gibbs_ess","stan_ess","gibbs_qualified","stan_qualified","joint_qualified"
"global_null","Global null",1743,8,3,0,1,9.26727011729983,78.6048423942586,69.3375722769587,1.38398081438513,1.00958342977253,8.65614799899115,481.11083340383,FALSE,TRUE,FALSE
"global_null","Global null",1457,9,1,0,1,3.61776629174045,72.0760728236468,68.4583065319064,1.05123831860877,1.01571907778999,55.0212303993256,392.097037829969,FALSE,FALSE,FALSE
"global_null","Global null",643,9,2,0,1,0.856842848199076,68.5954370602412,67.7385942120421,1.02810170739225,1.01570343820888,181.645113472617,445.872348994486,FALSE,FALSE,FALSE
"global_null","Global null",1406,9,3,0,1,8.54080634452141,75.5141182539148,66.9733119093934,1.47374392322588,1.00596588503133,7.70642336395184,698.863610234944,FALSE,TRUE,FALSE
"global_null","Global null",1356,8,4,0,1,17.5824953199007,81.5338478651659,63.9513525452652,2.0704455849274,1.00930525761694,5.31515926920135,536.503215229064,FALSE,TRUE,FALSE
"global_null","Global null",169,9,4,0,1,17.4775265096898,76.5704299047051,59.0929033950153,2.22360770010171,1.00172819313903,5.10035674134039,598.124842861917,FALSE,TRUE,FALSE
"global_null","Global null",1020,6,3,0,1,19.945567224851,78.8825418394642,58.9369746146132,1.98678130439241,1.01334956270518,5.44089381919403,536.453146227176,FALSE,FALSE,FALSE
"global_null","Global null",1794,9,3,0,1,8.38329724971958,67.1498341498647,58.7665369001451,1.59536650548732,1.0837351062959,6.97445160450433,73.1660360037735,FALSE,FALSE,FALSE
"global_null","Global null",46,8,1,0,1,2.33251375944876,60.1353401890674,57.8028264296187,1.12412474378278,1.04621891984273,22.2648615803181,105.060320133119,FALSE,FALSE,FALSE
"global_null","Global null",968,8,1,0,1,16.1002078724245,73.7623170582717,57.6621091858473,1.6698065093836,1.00723618469091,6.3960257931709,794.608883245887,FALSE,TRUE,FALSE
"global_null","Global null",1106,9,4,0,1,16.0537037948161,73.6218231620709,57.5681193672547,1.56321499327605,1.01010421600264,6.93681923996874,545.367873768825,FALSE,FALSE,FALSE
"global_null","Global null",853,9,2,0,1,1.76050282410547,58.5560370312718,56.7955342071664,1.14052453369555,1.06440309413172,20.5863678993262,240.133122833005,FALSE,FALSE,FALSE
"global_null","Global null",1387,9,3,0,1,1.44775975572047,56.9742661378858,55.5265063821654,1.09502459111038,1.01816160469262,39.181323361235,392.882285184712,FALSE,FALSE,FALSE
"global_null","Global null",1919,9,2,0,1,1.28778091562932,55.1034271022645,53.8156461866352,1.04462921671001,1.01775503484049,79.7732177335006,497.462967818802,FALSE,FALSE,FALSE
"global_null","Global null",444,9,3,0,1,6.54065210439658,58.4418776366719,51.9012255322754,1.376403156229,1.07209884963259,9.58047081646037,88.80947347198,FALSE,FALSE,FALSE
"global_null","Global null",1877,7,4,0,1,23.1947524557428,73.6316791428892,50.4369266871464,1.9061466708446,1.01240580368514,5.63028126994921,407.025041354088,FALSE,FALSE,FALSE
"global_null","Global null",362,9,2,0,1,28.9290032760858,79.3103537971677,50.3813505210819,1.78246784798051,1.0024003841814,6.01506532378102,655.284983838903,FALSE,TRUE,FALSE
"global_null","Global null",1933,9,3,0,1,11.8535479294502,61.5093045975481,49.6557566680979,2.01837594188607,1.03787106632468,5.39117468505319,112.202649397982,FALSE,FALSE,FALSE
"global_null","Global null",1583,9,2,0,1,12.2203939033275,61.6882280112479,49.4678341079204,1.65554611026558,1.02525771026619,6.49942628631796,218.026632084178,FALSE,FALSE,FALSE
"global_null","Global null",144,9,1,0,1,2.55823256133066,49.8484248640621,47.2901923027315,1.07277047365802,1.05972778058119,73.6920716446745,62.5087261896833,FALSE,FALSE,FALSE
"heterogeneous","Complete heterogeneity",78,9,3,0,1,3.0524483134356,84.4915844946763,81.4391361812407,1.18275224983262,1.04513426659294,16.0820097805458,84.4529973570378,FALSE,FALSE,FALSE
"heterogeneous","Complete heterogeneity",1879,9,3,0,1,5.45691980174999,80.5950130077396,75.1380932059896,1.08355618571935,1.00177709287648,45.2029098426408,803.892033395462,FALSE,TRUE,FALSE
"heterogeneous","Complete heterogeneity",724,8,8,0,1,8.11773545260668,83.1733805111861,75.0556450585794,1.46260219323393,1.00129886999443,8.16007394911496,558.386335824185,FALSE,TRUE,FALSE
"heterogeneous","Complete heterogeneity",1858,9,5,0,1,7.48228553456464,82.2776418434475,74.7953563088828,1.25668089487244,1.00545897230164,12.2456152240002,689.251006166383,FALSE,TRUE,FALSE
"heterogeneous","Complete heterogeneity",1428,7,3,0,1,9.18850299382957,82.8962889983131,73.7077860044836,1.43056412604994,1.0052587241611,8.55747242186101,630.957265942675,FALSE,TRUE,FALSE
"heterogeneous","Complete heterogeneity",301,9,5,0,1,5.9577069100764,79.1628633827917,73.2051564727153,1.33678046343041,1.00180370458863,10.1015772466734,616.785946590183,FALSE,TRUE,FALSE
"heterogeneous","Complete heterogeneity",1680,7,3,0,1,2.10269248430982,75.2617745517433,73.1590820674335,1.01949614882447,1.01319446056261,193.779643516778,465.52508017457,FALSE,FALSE,FALSE
"heterogeneous","Complete heterogeneity",1073,9,4,0,1,7.07417822931704,80.199056429175,73.1248781998579,1.30889851011506,1.00525143574858,10.638630058394,814.706928806758,FALSE,TRUE,FALSE
"heterogeneous","Complete heterogeneity",1987,8,3,0,1,4.50612106817839,77.0156363284274,72.509515260249,1.08356488443471,1.01260776783255,49.9473925302716,502.282125893082,FALSE,FALSE,FALSE
"heterogeneous","Complete heterogeneity",60,8,4,0,1,7.30873261202485,79.5086226606941,72.1998900486692,1.31369225127165,1.00370167589848,10.5817795817548,664.001511821255,FALSE,TRUE,FALSE
"heterogeneous","Complete heterogeneity",198,7,6,0,1,3.68547074723154,75.8225207017137,72.1370499544822,1.12086571390092,1.00669900481453,23.617062592732,565.075423068924,FALSE,TRUE,FALSE
"heterogeneous","Complete heterogeneity",623,9,3,0,1,9.09727348938954,81.0533550531591,71.9560815637696,1.5592134345119,1.00165270901826,7.05456124839678,653.07756293996,FALSE,TRUE,FALSE
"heterogeneous","Complete heterogeneity",1770,8,4,0,1,5.46051847436912,77.1310864255253,71.6705679511562,1.30855842357419,1.00828555861985,10.791216574335,422.343314511985,FALSE,TRUE,FALSE
"heterogeneous","Complete heterogeneity",1003,8,6,0,1,6.78914599553588,78.2613193120388,71.4721733165029,1.38398067274829,1.0111686383603,9.04308350456227,734.689158349718,FALSE,FALSE,FALSE
"heterogeneous","Complete heterogeneity",1889,7,7,0,1,9.63132177580409,80.9765368392732,71.3452150634691,1.68950095168839,1.0056875612601,6.37190456448985,653.52323412936,FALSE,TRUE,FALSE
"heterogeneous","Complete heterogeneity",283,8,6,0,1,8.39618922022082,79.7193718227838,71.323182602563,1.16295056488083,1.0058688843231,18.7840509666068,584.380131821523,FALSE,TRUE,FALSE
"heterogeneous","Complete heterogeneity",17,8,5,0,1,7.46239644799258,78.7197515257174,71.2573550777248,1.21163766586375,1.00027987174032,13.9340376476633,594.079710781966,FALSE,TRUE,FALSE
"heterogeneous","Complete heterogeneity",1891,9,5,0,1,3.4189819041127,74.5651405918986,71.1461586877859,1.14978889208974,1.00065950326656,18.4955169576521,548.313876046311,FALSE,TRUE,FALSE
"heterogeneous","Complete heterogeneity",1915,9,6,0,1,8.0656371155918,79.0452159147471,70.9795787991553,1.24922164160314,1.00812259175335,11.7061808939143,540.023732303744,FALSE,TRUE,FALSE
"heterogeneous","Complete heterogeneity",1577,9,4,0,1,15.4521310273904,86.2637056313714,70.811574603981,1.90957391118034,1.00894534464367,5.63821543923273,718.36876520041,FALSE,TRUE,FALSE
"hetvar_misspec","Heteroskedastic variances",532,6,1,0,1,4.59347986157086,65.9363161934118,61.342836331841,1.06175989884258,1.02326325312548,50.5804761530386,375.213769136594,FALSE,FALSE,FALSE
"hetvar_misspec","Heteroskedastic variances",56,7,1,0,1,0.989904811128761,41.4341296272835,40.4442248161548,1.00711556249527,1.20987613584442,564.594151348807,24.1528311925916,TRUE,FALSE,FALSE
"hetvar_misspec","Heteroskedastic variances",734,8,2,0,1,6.48863311222552,46.5904587506121,40.1018256383866,1.2284786881715,1.03162205669238,12.7124760330803,98.315744653881,FALSE,FALSE,FALSE
"hetvar_misspec","Heteroskedastic variances",447,9,1,0,1,1.73354565972585,31.2467801278277,29.5132344681019,1.0264084458089,1.04085681804718,140.981150280493,75.8028606400665,FALSE,FALSE,FALSE
"hetvar_misspec","Heteroskedastic variances",513,9,1,0,1,1.79103276579929,29.8126003286751,28.0215675628758,1.0244043630158,1.09127386735295,249.792123458204,60.6819470624178,FALSE,FALSE,FALSE
"hetvar_misspec","Heteroskedastic variances",636,9,2,0,1,8.97381900735698,34.9576002177331,25.9837812103762,1.58027209880174,1.00794042651235,6.8089002223838,232.409037580754,FALSE,FALSE,FALSE
"homogeneous","Homogeneous",1197,9,3,0,1,2.59533044033937,76.8522036174561,74.2568731771167,1.06586063408785,1.01187617374256,56.2808314516985,374.009577214325,FALSE,FALSE,FALSE
"homogeneous","Homogeneous",1331,9,6,0,1,12.068175493594,83.2679058366504,71.1997303430564,1.9234744867242,1.00424226922347,5.61378796569076,809.987967588687,FALSE,TRUE,FALSE
"homogeneous","Homogeneous",1087,8,3,0,1,8.44226352532949,78.8402854178553,70.3980218925258,1.30819821538727,1.00933371300752,10.138197113135,627.9139481152,FALSE,TRUE,FALSE
"homogeneous","Homogeneous",340,8,8,0,1,5.01551626276658,75.3963391522895,70.3808228895229,1.28505976583827,1.00388555593062,11.6010448088042,696.855971630389,FALSE,TRUE,FALSE
"homogeneous","Homogeneous",327,8,4,0,1,18.0752271920456,86.0661117945223,67.9908846024767,2.01462308548051,1.00906167211165,5.43376955198352,555.570360331793,FALSE,TRUE,FALSE
"homogeneous","Homogeneous",1707,8,3,0,1,2.98737764528575,69.0596176706337,66.0722400253479,1.03686540415746,1.16846102270716,104.134845323349,34.3863793936574,FALSE,FALSE,FALSE
"homogeneous","Homogeneous",1279,8,4,0,1,10.6997688146817,72.1485701664693,61.4488013517877,1.70469615936507,1.0401113063076,6.19252302011518,145.309427568438,FALSE,FALSE,FALSE
"homogeneous","Homogeneous",774,9,3,0,1,3.21863249491666,64.633165116796,61.4145326218793,1.06738778776735,1.02774829459972,44.7379833653307,254.172426455218,FALSE,FALSE,FALSE
"homogeneous","Homogeneous",1778,9,2,0,1,5.99552585076832,67.2278357117273,61.2323098609589,1.33482706753519,1.03288748589291,10.0311143687182,186.436585348006,FALSE,FALSE,FALSE
"homogeneous","Homogeneous",600,7,2,0,1,9.80433469261604,69.1046898100586,59.3003551174426,1.5454550105323,1.0132944028293,7.22652982402374,534.220371189174,FALSE,FALSE,FALSE
"homogeneous","Homogeneous",1692,9,3,0,1,3.55494095085506,62.5506020675355,58.9956611166804,1.09814091298163,1.06961079335046,29.1248369800642,39.3193178496382,FALSE,FALSE,FALSE
"homogeneous","Homogeneous",604,9,3,0,1,3.69180075277933,61.1929148213391,57.5011140685598,1.09859338000769,1.02855882956183,36.8260067446999,178.634988941639,FALSE,FALSE,FALSE
"homogeneous","Homogeneous",86,9,3,0,1,3.3130405798825,57.3312651982875,54.018224618405,1.19436304936969,1.01275044431088,14.7095241763402,298.816418757754,FALSE,FALSE,FALSE
"homogeneous","Homogeneous",148,9,2,0,1,22.854412234513,75.3138340448077,52.4594218102947,1.85776769684932,1.00272248720826,5.81083282395204,695.751683337803,FALSE,TRUE,FALSE
"homogeneous","Homogeneous",563,9,1,0,1,2.95896255934612,54.7741873733262,51.8152248139801,1.04915473491453,1.09869630055278,98.1601637869427,26.6071864469923,FALSE,FALSE,FALSE
"homogeneous","Homogeneous",1249,9,2,0,1,13.7944208492686,64.5194476443576,50.725026795089,1.56709109709553,1.02111011087349,6.99048642923775,313.886704132392,FALSE,FALSE,FALSE
"homogeneous","Homogeneous",887,9,1,0,1,24.9979876955255,75.1935781483614,50.1955904528359,1.82666359402639,1.00323635219153,5.86598979344461,486.305686812378,FALSE,TRUE,FALSE
"homogeneous","Homogeneous",432,9,1,0,1,22.7509892268657,72.5102100683523,49.7592208414866,1.55734166211138,1.03721734457714,7.03158699327743,254.100467751461,FALSE,FALSE,FALSE
"homogeneous","Homogeneous",933,8,1,0,1,1.83726033841789,49.9783647316167,48.1411043931989,1.00606680415819,1.06899578197097,650.03033534885,47.4829189822602,TRUE,FALSE,FALSE
"homogeneous","Homogeneous",814,9,2,0,1,2.93252411943131,50.8518257499644,47.9193016305331,1.03044553791808,1.09082366676289,89.1239511023194,51.1148061689362,FALSE,FALSE,FALSE
"infcens_misspec","Informative censoring",444,9,1,0,1,6.01254974404458,32.3758233496412,26.3632736055966,1.225745370908,1.02847260059508,12.815290862107,124.352282907154,FALSE,FALSE,FALSE
"infcens_misspec","Informative censoring",366,8,1,0,1,19.1653359539605,33.5544262577525,14.389090303792,1.55179968804298,1.02077998616122,7.11356871588273,150.719894697846,FALSE,FALSE,FALSE
"mixed","Mixed efficacy",304,8,2,0,1,4.02170876689439,54.2982807348571,50.2765719679627,1.04764848242021,1.02099316985649,62.8742151166302,237.963326353619,FALSE,FALSE,FALSE
"mixed","Mixed efficacy",1507,9,1,0,1,4.62776149436497,47.0911454055589,42.463383911194,1.3217527806366,1.06229476367005,9.99321965832709,84.5676905476683,FALSE,FALSE,FALSE
"mixed","Mixed efficacy",848,8,1,0,1,2.52483295998767,34.2205162572373,31.6956832972496,1.04260329986278,1.01085983110325,98.6827730975421,188.614642076789,FALSE,FALSE,FALSE
"mixed","Mixed efficacy",322,9,1,0,1,2.37898363254387,26.0929811646362,23.7139975320923,1.13741622784557,1.0201572912329,19.1573888503538,221.025914884381,FALSE,FALSE,FALSE
"mixed","Mixed efficacy",144,9,1,0,1,12.655828317396,35.5292360013615,22.8734076839656,1.57616839681096,1.03819193140787,6.87613324179007,132.84129660822,FALSE,FALSE,FALSE
"mixed","Mixed efficacy",251,9,2,0,1,9.09813523030089,29.987966319182,20.8898310888811,1.40386281203084,1.1463876002504,8.75539447342141,27.4335711404561,FALSE,FALSE,FALSE
"mixed","Mixed efficacy",1303,8,2,0,1,8.57590265782577,22.0055368562954,13.4296341984697,1.54914039809352,1.01640859323068,7.03614393565859,210.560955848847,FALSE,FALSE,FALSE
"t_misspec","Student-t errors",598,9,2,0,1,17.9919441765217,51.6028171542353,33.6108729777136,1.67978324137706,1.0141045778981,6.33322192383425,272.611900794375,FALSE,FALSE,FALSE
"t_misspec","Student-t errors",940,9,1,0,1,4.50013457911237,36.7045150512874,32.204380472175,1.15862736050204,1.02298909042498,21.6335292680313,88.2131433544231,FALSE,FALSE,FALSE
"t_misspec","Student-t errors",815,9,1,0,1,7.06634302154007,27.5583419383639,20.4919989168239,1.25276082400161,1.04744792472294,12.1673499245929,69.4692668157622,FALSE,FALSE,FALSE
"t_misspec","Student-t errors",255,6,2,0,1,23.1012105140823,38.149254953112,15.0480444390298,2.08782588302736,1.0559767808755,5.28403909616717,67.4036773278526,FALSE,FALSE,FALSE
"weibull_misspec","Gumbel (extreme-value) misspecification",209,5,3,0,1,16.1925426876515,65.7089692083911,49.5164265207396,1.94888367540878,1.00964626680664,5.60187667505429,448.36162833589,FALSE,TRUE,FALSE
"weibull_misspec","Gumbel (extreme-value) misspecification",222,7,1,0,1,4.59720980124785,52.4818156500565,47.8846058488087,1.07285650119103,1.01696955098889,45.3131058432123,274.295334216647,FALSE,FALSE,FALSE
"weibull_misspec","Gumbel (extreme-value) misspecification",711,9,1,0,1,13.4138990360739,43.4350776024336,30.0211785663596,1.64297273293325,1.07101697973975,6.67357426209612,45.8103022155969,FALSE,FALSE,FALSE
"weibull_misspec","Gumbel (extreme-value) misspecification",45,9,1,0,1,2.68368416533119,24.6700682785882,21.986384113257,1.02047646454187,1.10628112041022,176.897520715058,44.5340887703097,FALSE,FALSE,FALSE
"weibull_misspec","Gumbel (extreme-value) misspecification",668,9,1,0,1,43.5196682718312,60.2541087294586,16.7344404576274,1.81555695278921,1.01469087262574,5.87841185001938,451.985370126789,FALSE,FALSE,FALSE
