"method","basket","rmst_mean","rmst_q025","rmst_q975"
"exnexSurv (Gibbs DA)","ACC",44.8253140473563,40.4480496887749,48.9807256315073
"exnexSurv (Gibbs DA)","BLCA",41.1357299136702,38.7684703365507,43.3959652282066
"exnexSurv (Gibbs DA)","BRCA",54.9552428516856,54.0470580939133,55.7742649169776
"exnexSurv (Gibbs DA)","CESC",45.360690056343,42.5569940246737,48.1393719303701
"exnexSurv (Gibbs DA)","COADREAD",50.3022452330217,48.6870655812159,51.8414813135307
"exnexSurv (Gibbs DA)","ESCA",35.3816805998105,31.7940669747821,38.867590143202
"exnexSurv (Gibbs DA)","HNSC",40.8559567493982,38.931549840751,42.7329860761304
"exnexSurv (Gibbs DA)","KIRC",48.1388891890136,46.4580088564797,49.7750818852132
"exnexSurv (Gibbs DA)","LGG",44.2462737447886,41.8970763988708,46.5435629716053
"Stan EXNEX (NUTS)","ACC",44.8638200023395,40.5589119752254,48.8814933257639
"Stan EXNEX (NUTS)","BLCA",41.1133190284118,38.9214038899828,43.320415656849
"Stan EXNEX (NUTS)","BRCA",54.9782912440997,54.1005484387362,55.8052530193513
"Stan EXNEX (NUTS)","CESC",45.3993962885188,42.5670526150167,48.0346865516602
"Stan EXNEX (NUTS)","COADREAD",50.3020089336005,48.6211291518492,51.9137897874756
"Stan EXNEX (NUTS)","ESCA",35.3692501060645,31.7155544767907,39.043205625123
"Stan EXNEX (NUTS)","HNSC",40.8462758440133,38.8826396343352,42.7458731640966
"Stan EXNEX (NUTS)","KIRC",48.1423612866213,46.52020844868,49.7071318936381
"Stan EXNEX (NUTS)","LGG",44.2366962110865,41.9362754316063,46.4333333814994
