"scenario","rep_id","variant","runtime_seconds","mean_theta_ess","ess_per_second","n_divergent","max_treedepth"
"mixed",1,"centered",14.93,6086.3058629273,407.656119419109,0,3
"mixed",1,"noncentered",15.2,6066.74677117073,399.128077050706,0,6
"mixed",2,"centered",18.64,7341.27774211033,393.845372430812,0,3
"mixed",2,"noncentered",13.44,5562.00747085866,413.839841581746,0,6
"mixed",3,"centered",15.5,,,,
"mixed",3,"noncentered",15.52,5524.21270834445,355.941540486111,0,6
"mixed",4,"centered",17.78,6233.98589869023,350.61787956638,0,4
"mixed",4,"noncentered",16.23,5499.18224783624,338.828234617143,0,5
"mixed",5,"centered",17.88,6181.70434691711,345.732905308563,0,3
"mixed",5,"noncentered",15.4,5605.56923221504,363.998002091886,0,5
"mixed",6,"centered",16.8,7612.38462373512,453.118132365186,0,4
"mixed",6,"noncentered",24.59,5756.20738193649,234.087327447601,0,6
"mixed",7,"centered",13.72,7408.09847248745,539.948868257104,0,3
"mixed",7,"noncentered",13.69,5909.29610502083,431.650555516496,0,5
"mixed",8,"centered",13.14,7509.79371732136,571.521591881383,0,3
"mixed",8,"noncentered",15.02,6014.68728620029,400.445225446092,0,5
"mixed",9,"centered",12.92,6739.09637866925,521.601886893906,0,3
"mixed",9,"noncentered",15.3,5724.49438133751,374.149959564543,0,5
"mixed",10,"centered",12.5,7092.21466920456,567.377173536365,0,4
"mixed",10,"noncentered",15.13,6052.90343730489,400.059711652669,0,6
"mixed",11,"centered",11.72,7602.57368605792,648.68376160904,0,3
"mixed",11,"noncentered",13.25,5405.38905170794,407.953890694939,0,5
"mixed",12,"centered",11.58,6755.31173255352,583.360253242964,0,3
"mixed",12,"noncentered",14.81,5175.61724720858,349.46774120247,0,6
"mixed",13,"centered",18.47,7072.81653245937,382.935383457464,0,3
"mixed",13,"noncentered",16.86,5484.57971914844,325.30128820572,0,6
"mixed",14,"centered",14.36,6700.34095510544,466.597559547732,0,3
"mixed",14,"noncentered",17.4300000000001,5924.55960550936,339.905886718838,0,5
"mixed",15,"centered",17.8099999999999,5727.24899465532,321.574901440502,0,4
"mixed",15,"noncentered",19.7800000000001,5790.4196531792,292.74113514556,0,5
"mixed",16,"centered",18.9100000000001,7513.12656107669,397.309707090252,0,3
"mixed",16,"noncentered",20.78,5682.67211227803,273.468340340618,0,6
"mixed",17,"centered",18.75,6143.13442217638,327.633835849407,0,4
"mixed",17,"noncentered",22.0999999999999,5754.51780349382,260.385420972572,0,5
"mixed",18,"centered",18.95,7074.5698553603,373.328224557271,0,3
"mixed",18,"noncentered",15.9599999999999,5545.29190898888,347.449367731134,0,6
"mixed",19,"centered",17.1099999999999,6535.55999547832,381.973114873078,0,4
"mixed",19,"noncentered",20.34,5455.78282778166,268.229244237053,0,6
"mixed",20,"centered",15.3000000000001,7575.15173255471,495.107956376123,0,3
"mixed",20,"noncentered",18.1799999999999,6026.25161837906,331.47698670952,0,6
"mixed",21,"centered",14.3199999999999,6463.37150881614,451.352758995543,0,3
"mixed",21,"noncentered",16.0600000000001,5400.28599747517,336.256911424356,0,5
"mixed",22,"centered",14.25,6988.53527885239,490.423528340518,0,3
"mixed",22,"noncentered",15.13,5764.73630795574,381.013635687755,0,6
"mixed",23,"centered",15.97,6727.42855268821,421.254136048103,0,3
"mixed",23,"noncentered",18.5,5585.67824117955,301.928553577273,0,6
"mixed",24,"centered",15.45,6316.18413352124,408.814507024027,0,4
"mixed",24,"noncentered",12.72,5163.36342084023,405.924797235866,0,6
"mixed",25,"centered",14.5,6905.32584170197,476.229368393239,0,3
"mixed",25,"noncentered",21.79,5498.65339828921,252.347563023829,0,5
"mixed",26,"centered",20.75,5974.76878167278,287.940664177001,0,4
"mixed",26,"noncentered",19.5300000000001,5584.17324666434,285.927969619269,0,6
"mixed",27,"centered",18.9200000000001,6501.37965210606,343.624717341757,0,4
"mixed",27,"noncentered",17.4199999999998,5967.75128980351,342.580441435336,0,6
"mixed",28,"centered",19.8600000000001,5559.80436676148,279.949867409942,0,4
"mixed",28,"noncentered",22.03,5959.18230807335,270.503055291573,0,6
"mixed",29,"centered",14.75,6785.79744085158,460.054063786548,0,3
"mixed",29,"noncentered",19.6900000000001,5760.03794810271,292.53620863904,0,5
"mixed",30,"centered",19.8200000000002,5780.88756311697,291.669402780874,0,4
"mixed",30,"noncentered",18.1599999999999,5937.39351843588,326.948982292727,0,5
"mixed",31,"centered",18.3,6729.70535058157,367.743461780414,0,4
"mixed",31,"noncentered",16.1800000000001,5432.04199415767,335.725710392933,0,6
"mixed",32,"centered",14.8099999999999,6743.57523757241,455.339313813128,0,4
"mixed",32,"noncentered",18.77,5820.14296815924,310.07687630044,0,5
"mixed",33,"centered",15.8599999999999,5648.0083699497,356.116542871988,0,4
"mixed",33,"noncentered",19.96,5659.83393995809,283.558814627158,0,5
"mixed",34,"centered",17.4099999999999,6066.91203850971,348.47283391785,0,4
"mixed",34,"noncentered",18.75,5568.38047819355,296.980292170323,0,5
"mixed",35,"centered",15.75,6780.55523413247,430.511443436982,0,3
"mixed",35,"noncentered",21.0799999999999,5427.08192818682,257.45170437319,0,6
"mixed",36,"centered",17.3599999999999,5105.48766868305,294.0949117905,0,4
"mixed",36,"noncentered",22.8400000000001,4866.49737367231,213.069061894583,0,5
"mixed",37,"centered",19.3099999999999,6179.06023075307,319.99276182046,0,3
"mixed",37,"noncentered",18.77,5204.54591843219,277.280016964955,0,5
"mixed",38,"centered",18.0799999999999,7171.96025345888,396.679217558568,0,3
"mixed",38,"noncentered",15.45,5610.39135395872,363.132126469819,0,6
"mixed",39,"centered",17.22,6305.79429920482,366.190145133845,0,4
"mixed",39,"noncentered",17.0699999999999,5699.31770097592,333.87918576309,0,5
"mixed",40,"centered",19.22,6638.83379017305,345.412788250419,0,3
"mixed",40,"noncentered",17.28,5920.13456079324,342.600379675535,0,6
"mixed",41,"centered",16.0200000000002,6480.89796031416,404.550434476534,0,3
"mixed",41,"noncentered",22.8999999999999,5793.50413470558,252.991446930376,0,5
"mixed",42,"centered",13.21,5537.05805259054,419.156552050759,0,4
"mixed",42,"noncentered",16.9799999999998,5465.70592312523,321.890808193481,0,5
"mixed",43,"centered",18.4100000000001,6785.7921982953,368.592732118157,0,3
"mixed",43,"noncentered",17.55,5388.74649235759,307.051082185618,0,6
"mixed",44,"centered",16.6299999999999,7052.66615703031,424.092973964544,0,3
"mixed",44,"noncentered",16.4400000000001,5274.69805650729,320.845380566136,0,5
"mixed",45,"centered",14.5200000000002,6799.80279495119,468.305977613711,0,3
"mixed",45,"noncentered",21.1399999999999,5831.56620759928,275.854598278113,0,6
"mixed",46,"centered",16.8299999999999,7744.56442346826,460.164255702216,0,3
"mixed",46,"noncentered",20.6700000000001,5922.51217037753,286.526955509313,0,6
"mixed",47,"centered",16.6900000000001,7285.73853458698,436.533165643317,0,3
"mixed",47,"noncentered",20.25,5482.599034042,270.745631310716,0,5
"mixed",48,"centered",12.5899999999999,6739.59394562146,535.31326017645,0,3
"mixed",48,"noncentered",17.24,5726.04997523789,332.137469561362,0,5
"mixed",49,"centered",18.1599999999999,6228.28794515236,342.967397860816,0,4
"mixed",49,"noncentered",20.7900000000002,5711.62010073084,274.729201574353,0,5
"mixed",50,"centered",17.23,7222.02000959195,419.153802065696,0,3
"mixed",50,"noncentered",18.95,5598.69572892078,295.445684903471,0,6
"mixed",51,"centered",16.55,7478.77740472552,451.889873397314,0,3
"mixed",51,"noncentered",16.9200000000001,6085.54712903963,359.665905971608,0,6
"mixed",52,"centered",16.3700000000001,7386.08859358281,451.196615368525,0,3
"mixed",52,"noncentered",21.45,5485.66403267887,255.741912945401,0,5
"mixed",53,"centered",15.8800000000001,7314.05183702345,460.582609384345,0,3
"mixed",53,"noncentered",18.8099999999999,5731.22446955941,304.690296095663,0,6
"mixed",54,"centered",16.05,6425.57402348643,400.347291182956,0,4
"mixed",54,"noncentered",19.9099999999999,5978.15356754907,300.258843171728,0,6
"mixed",55,"centered",15.1900000000001,6264.88864896047,412.435065764348,0,4
"mixed",55,"noncentered",17.5799999999999,5690.23231837298,323.6764686219,0,5
"mixed",56,"centered",17.4099999999999,7806.14460729351,448.371315754944,0,3
"mixed",56,"noncentered",19.5,5728.84024908054,293.786679440027,0,6
"mixed",57,"centered",19.2999999999997,5637.81592164503,292.114814593011,0,4
"mixed",57,"noncentered",15.9300000000003,5705.89740658281,358.185650130741,0,6
"mixed",58,"centered",16,5515.85469471464,344.740918419665,0,4
"mixed",58,"noncentered",16.5,5223.41824946324,316.570802997772,0,6
"mixed",59,"centered",15.4699999999998,7211.90714420459,466.18662858466,0,3
"mixed",59,"noncentered",18.4500000000003,5738.80018483441,311.046080478825,0,6
"mixed",60,"centered",13.4699999999998,6662.33552034146,494.605458080294,0,4
"mixed",60,"noncentered",16.5500000000002,5626.40848030655,339.964258628791,0,6
"mixed",61,"centered",15.29,6539.94522489017,427.726960424473,0,4
"mixed",61,"noncentered",18.1799999999998,5602.31614302392,308.158203686687,0,6
"mixed",62,"centered",15.9400000000001,5373.11112979362,337.083508769987,0,4
"mixed",62,"noncentered",16.6200000000003,5328.31143804166,320.596356079516,0,6
"mixed",63,"centered",17.9899999999998,6609.7866728505,367.414489874963,0,4
"mixed",63,"noncentered",13.9200000000001,5953.54103995232,427.696913789676,0,5
"mixed",64,"centered",13.1700000000001,6395.35327244306,485.600096616782,0,4
"mixed",64,"noncentered",17.7800000000002,5732.83218153289,322.431506272937,0,5
"mixed",65,"centered",15.0700000000002,5503.19613392597,365.175589510677,0,4
"mixed",65,"noncentered",16.8499999999999,5520.8146635125,327.644787152079,0,5
"mixed",66,"centered",15.9499999999998,5790.29789026971,363.028080894657,0,4
"mixed",66,"noncentered",16.9499999999998,5868.35035823138,346.215360367637,0,5
"mixed",67,"centered",14.4400000000001,6852.7375710827,474.566313786889,0,3
"mixed",67,"noncentered",13.3699999999999,5628.23030430611,420.959633829929,0,6
"mixed",68,"centered",15.0799999999999,6662.26188500073,441.794554708273,0,4
"mixed",68,"noncentered",14.1199999999999,5818.73981021872,412.092054548071,0,5
"mixed",69,"centered",13.6500000000001,5783.78437624079,423.720467123865,0,4
"mixed",69,"noncentered",19.5799999999999,5358.14698799271,273.654085188597,0,5
"mixed",70,"centered",15.0900000000001,7053.00835633035,467.396180008633,0,4
"mixed",70,"noncentered",16.0599999999999,5440.94655257421,338.78870190375,0,5
"mixed",71,"centered",15.8600000000001,6680.62147793425,421.224557246797,0,3
"mixed",71,"noncentered",16.21,5481.73993731122,338.170261401061,0,5
"mixed",72,"centered",13.8099999999999,6774.17463050266,490.5267654238,0,4
"mixed",72,"noncentered",15.6700000000001,5262.57397112304,335.837522088259,0,5
"mixed",73,"centered",12.6900000000001,5058.93842326412,398.655510107494,0,4
"mixed",73,"noncentered",14.9200000000001,5406.13939542493,362.341782535181,0,6
"mixed",74,"centered",15.5500000000002,5525.38633026502,355.330310627972,0,4
"mixed",74,"noncentered",15.9200000000001,5587.90578833843,350.999107307689,0,5
"mixed",75,"centered",14.5300000000002,6422.23818624519,441.998498709229,0,4
"mixed",75,"noncentered",15.4699999999998,5841.33923814821,377.591418109133,0,5
"mixed",76,"centered",15.3899999999999,7031.65819290273,456.897868284782,0,4
"mixed",76,"noncentered",16.1700000000001,6145.26667712138,380.041229259206,0,6
"mixed",77,"centered",12.4399999999996,7683.82649812364,617.670940363656,0,3
"mixed",77,"noncentered",15.98,5594.59134850096,350.099583761011,0,6
"mixed",78,"centered",14.3599999999997,6889.88413312459,479.796945203673,0,4
"mixed",78,"noncentered",15.8900000000003,5870.4474527698,369.442885636858,0,6
"mixed",79,"centered",13.5300000000002,7225.11786937628,534.007233508956,0,3
"mixed",79,"noncentered",14.3699999999999,5417.19357220629,376.979371761053,0,6
"mixed",80,"centered",13.0499999999997,7111.92641439,544.975204167827,0,4
"mixed",80,"noncentered",13.4100000000003,5371.62456909378,400.56857338506,0,6
"mixed",81,"centered",12.9100000000003,7920.92557800046,613.54961874518,0,3
"mixed",81,"noncentered",15.96,5648.41575419551,353.910761541071,0,6
"mixed",82,"centered",12.5500000000002,7104.14603059737,566.067412796595,0,3
"mixed",82,"noncentered",14.1100000000001,5818.18001543816,412.344437663934,0,6
"mixed",83,"centered",15.5799999999999,5811.89172837011,373.035412603988,0,4
"mixed",83,"noncentered",15.8299999999999,5587.20736755556,352.950560174074,0,5
"mixed",84,"centered",15.46,7265.80952275308,469.974742739525,0,3
"mixed",84,"noncentered",15.5299999999997,5925.51379031183,381.552723136634,0,5
"mixed",85,"centered",13.73,6073.41518081495,442.34633509213,0,4
"mixed",85,"noncentered",15.1900000000001,5500.09679070216,362.086687998824,0,5
"mixed",86,"centered",10.71,6653.34131519315,621.227013556781,0,3
"mixed",86,"noncentered",19.7399999999998,5862.74135511883,296.998042305922,0,6
"mixed",87,"centered",14.7599999999998,6170.00049027506,418.021713433276,0,4
"mixed",87,"noncentered",17.2200000000003,5548.56055841886,322.216060303065,0,6
"mixed",88,"centered",16.25,6889.6186163637,423.976530237766,0,3
"mixed",88,"noncentered",15.9700000000003,6022.46174101109,377.110941829117,0,5
"mixed",89,"centered",15.77,6873.92802278593,435.886367963598,0,3
"mixed",89,"noncentered",15.2800000000002,5931.44670817625,388.183685090064,0,5
"mixed",90,"centered",15.7599999999998,6657.84501450501,422.452094829005,0,3
"mixed",90,"noncentered",16.27,4997.51007839913,307.161037393924,0,6
"mixed",91,"centered",13.2199999999998,6086.32949809715,460.388010446085,0,4
"mixed",91,"noncentered",18.5,6219.39261184613,336.183384424115,0,5
"mixed",92,"centered",14.3099999999999,6763.09579078286,472.613262808028,0,4
"mixed",92,"noncentered",16.25,5765.37067004888,354.792041233777,0,6
"mixed",93,"centered",16.4699999999998,7349.17295739845,446.215722975018,0,4
"mixed",93,"noncentered",18.27,5528.13820685553,302.580087950495,0,6
"mixed",94,"centered",15.7799999999997,6051.13345694771,383.468533393397,0,4
"mixed",94,"noncentered",15,5726.60934463476,381.773956308984,0,5
"mixed",95,"centered",12.9200000000001,6872.37424849935,531.917511493755,0,3
"mixed",95,"noncentered",15.25,5449.52434828521,357.345858903948,0,6
"mixed",96,"centered",12.8699999999999,7119.71117471868,553.202111477758,0,4
"mixed",96,"noncentered",17.1000000000004,5574.88196191439,326.016489000835,0,6
"mixed",97,"centered",13.96,6337.20318848182,453.954383129069,0,4
"mixed",97,"noncentered",15.71,5723.01219111132,364.291036989898,0,5
"mixed",98,"centered",13.7800000000002,6424.31952318145,466.206061188778,0,4
"mixed",98,"noncentered",14.5999999999999,5096.23341123518,349.057082961316,0,6
"mixed",99,"centered",13.1300000000001,5815.33173774798,442.904168906925,0,4
"mixed",99,"noncentered",19.7599999999998,5801.89774075096,293.618306718169,0,5
"mixed",100,"centered",14.3799999999997,6711.42981143646,466.719736539404,0,4
"mixed",100,"noncentered",16,5158.8036627707,322.425228923169,0,6
"heterogeneous",1,"centered",13.4900000000002,5979.44064239023,443.249862297267,0,4
"heterogeneous",1,"noncentered",14.6399999999999,5550.97695521215,379.165092569139,0,5
"heterogeneous",2,"centered",13.3899999999999,6127.89225731883,457.646919889387,0,4
"heterogeneous",2,"noncentered",16.6399999999999,5623.69110231668,337.962205668072,0,6
"heterogeneous",3,"centered",13.52,6741.1460622161,498.605477974564,0,4
"heterogeneous",3,"noncentered",13.3299999999999,5921.99111526041,444.260398744219,0,5
"heterogeneous",4,"centered",13.5,575.311403129234,42.6156594910544,1825,8
"heterogeneous",4,"noncentered",19.4200000000001,744.799737115472,38.3522006753589,1475,9
"heterogeneous",5,"centered",15.3800000000001,6836.90951252543,444.532478057567,0,3
"heterogeneous",5,"noncentered",15.54,5858.50321395821,376.995058813271,0,5
"heterogeneous",6,"centered",16.3200000000002,5983.67572527296,366.646796891722,0,4
"heterogeneous",6,"noncentered",12.4699999999998,5089.14921782473,408.111404797499,0,6
"heterogeneous",7,"centered",16.1700000000001,5898.35996419661,364.771797414755,0,4
"heterogeneous",7,"noncentered",14.5799999999999,5756.0011347329,394.787457800612,0,5
"heterogeneous",8,"centered",14.6300000000001,7528.44079142372,514.589254369355,0,3
"heterogeneous",8,"noncentered",18.5700000000002,5217.13076821324,280.944037060484,0,6
"heterogeneous",9,"centered",15.3899999999999,7530.00667588513,489.279186217362,0,3
"heterogeneous",9,"noncentered",14.5799999999999,4965.81327836281,340.590759832842,0,6
"heterogeneous",10,"centered",13.3400000000001,7423.52244354682,556.485940295857,0,3
"heterogeneous",10,"noncentered",16.6900000000001,5497.95952138245,329.416388339271,1,6
"heterogeneous",11,"centered",14.2400000000002,6145.67578149126,431.578355441795,0,4
"heterogeneous",11,"noncentered",13.8499999999999,5151.33244487664,371.937360640915,0,5
"heterogeneous",12,"centered",15.3400000000001,1497.04162906594,97.5907189743109,1805,5
"heterogeneous",12,"noncentered",15.4699999999998,607.73811439815,39.2849459856598,1175,8
"heterogeneous",13,"centered",12.3299999999999,6164.3070206515,499.94379729534,0,4
"heterogeneous",13,"noncentered",15.3800000000001,5104.39478380041,331.885226514979,0,6
"heterogeneous",14,"centered",14.6699999999996,1482.77146300542,101.075082686125,2008,5
"heterogeneous",14,"noncentered",16.9200000000001,2103.11267175213,124.297439228849,2136,6
"heterogeneous",15,"centered",13.71,6397.95836821876,466.663630067013,0,3
"heterogeneous",15,"noncentered",15.29,5453.29416117204,356.657564497845,0,5
"heterogeneous",16,"centered",14.0599999999999,6058.18208489934,430.88066037691,0,4
"heterogeneous",16,"noncentered",14.7200000000003,5836.33131899018,396.489899387913,0,5
"heterogeneous",17,"centered",13.3899999999999,1166.99173223196,87.1539755214317,2646,5
"heterogeneous",17,"noncentered",15.1600000000003,1379.11771100443,90.9708252641427,1883,8
"heterogeneous",18,"centered",14.0500000000002,6017.0030465788,428.256444596351,0,4
"heterogeneous",18,"noncentered",13.4400000000001,5840.27216953384,434.544060233171,0,6
"heterogeneous",19,"centered",18.5,566.881575372248,30.6422473174188,2310,5
"heterogeneous",19,"noncentered",21.9399999999996,1175.10279945134,53.5598358911287,906,9
"heterogeneous",20,"centered",14.5799999999999,5944.31425783945,407.703309865533,0,4
"heterogeneous",20,"noncentered",15.96,5371.52696851468,336.561840132498,0,6
"heterogeneous",21,"centered",17.3800000000001,7295.21609567974,419.747761546587,0,3
"heterogeneous",21,"noncentered",14.9499999999998,5697.42111956636,381.098402646584,0,5
"heterogeneous",22,"centered",15.0100000000002,5572.10732943714,371.226337737312,0,4
"heterogeneous",22,"noncentered",13.9399999999996,5607.78164646058,402.27988855529,0,6
"heterogeneous",23,"centered",14.9500000000007,7383.90754652934,493.906859299597,0,3
"heterogeneous",23,"noncentered",14.6399999999994,5619.84917735011,383.869479327208,0,5
"heterogeneous",24,"centered",13.0800000000008,1122.27048322452,85.8004956593617,2573,5
"heterogeneous",24,"noncentered",16.6699999999992,2106.61033737302,126.371345973193,1647,8
"heterogeneous",25,"centered",17.9899999999998,6850.70038153368,380.806024543288,0,3
"heterogeneous",25,"noncentered",14.6400000000003,5534.0765484922,378.010693203011,0,6
"heterogeneous",26,"centered",12.7800000000007,6617.23891969205,517.780823137067,0,4
"heterogeneous",26,"noncentered",16.4699999999993,5549.13887748965,336.924036277466,0,6
"heterogeneous",27,"centered",12.0999999999995,7175.89588395567,593.049246607933,0,3
"heterogeneous",27,"noncentered",14.7600000000002,6071.20749710436,411.328421213026,0,5
"heterogeneous",28,"centered",11.5799999999999,6576.60648811831,567.928021426455,0,4
"heterogeneous",28,"noncentered",15.1500000000005,5590.98676393812,369.042030622965,0,6
"heterogeneous",29,"centered",13.6500000000005,7641.2325273668,559.797254752124,0,3
"heterogeneous",29,"noncentered",16.5999999999995,5937.19845260052,357.662557385585,0,6
"heterogeneous",30,"centered",14,5878.77597890517,419.912569921798,0,4
"heterogeneous",30,"noncentered",14.9099999999999,5678.85722814482,380.87573629409,0,6
"heterogeneous",31,"centered",13.2799999999997,5583.96926528236,420.479613349583,0,4
"heterogeneous",31,"noncentered",18.3299999999999,5730.41355778895,312.624853125421,0,5
"heterogeneous",32,"centered",18.7700000000004,800.149341407836,42.6291604372838,2052,8
"heterogeneous",32,"noncentered",25.3400000000001,648.233000060965,25.5814127885146,350,10
"heterogeneous",33,"centered",13.8199999999997,7113.73580533233,514.742098793956,0,3
"heterogeneous",33,"noncentered",18.5700000000006,5514.51078208541,296.958038884503,0,6
"heterogeneous",34,"centered",13.4099999999999,5893.11821315687,439.456988304022,0,4
"heterogeneous",34,"noncentered",16.54,5651.0305504809,341.658437151204,0,5
"heterogeneous",35,"centered",13.4800000000005,7011.72772994049,520.157843467377,0,3
"heterogeneous",35,"noncentered",14.7299999999996,5674.38691104163,385.226538427821,0,5
"heterogeneous",36,"centered",13.3500000000004,6225.61562140131,466.338248794093,0,3
"heterogeneous",36,"noncentered",15,5315.18129821571,354.345419881048,0,6
"heterogeneous",37,"centered",12.5100000000002,7300.36652777281,583.562472244019,0,3
"heterogeneous",37,"noncentered",15.0200000000004,5576.59492283751,371.277957579051,0,6
"heterogeneous",38,"centered",13.0799999999999,7367.1650040304,563.238914681227,0,3
"heterogeneous",38,"noncentered",19.4800000000005,5481.7520857332,281.404111177262,0,6
"heterogeneous",39,"centered",13.46,6766.71029491489,502.727362177925,0,4
"heterogeneous",39,"noncentered",13.25,5449.86451868132,411.310529711798,0,6
"heterogeneous",40,"centered",12.9799999999996,6007.64095359496,462.838286101322,0,4
"heterogeneous",40,"noncentered",13.25,5736.07214125846,432.911105000638,0,5
"heterogeneous",41,"centered",11.4400000000005,6671.25335819124,583.151517324383,0,4
"heterogeneous",41,"noncentered",13.4099999999999,5013.95459003956,373.896688295273,0,6
"heterogeneous",42,"centered",15.1400000000003,6342.07905003512,418.895577941544,0,3
"heterogeneous",42,"noncentered",14.7600000000002,5137.9369480465,348.098709217237,0,6
"heterogeneous",43,"centered",15.0699999999997,7635.12669799042,506.644107365001,0,3
"heterogeneous",43,"noncentered",17.8200000000006,6074.94485515557,340.905996361131,0,5
"heterogeneous",44,"centered",18.8000000000002,598.310646170322,31.8250343707615,1849,8
"heterogeneous",44,"noncentered",14.9799999999996,395.747484316196,26.4183901412688,2220,7
"heterogeneous",45,"centered",15.1700000000001,6464.77844015398,426.155467379957,0,3
"heterogeneous",45,"noncentered",17.9700000000003,5713.35078258038,317.938273933238,0,6
"heterogeneous",46,"centered",11.1600000000008,6665.74105101286,597.288624642688,0,3
"heterogeneous",46,"noncentered",18.5099999999993,5896.01075919609,318.531105305041,0,5
"heterogeneous",47,"centered",14.6800000000003,6065.76441699771,413.199210967138,0,3
"heterogeneous",47,"noncentered",13.29,5205.74277656388,391.703745414891,0,5
"heterogeneous",48,"centered",13.0700000000006,6463.95369588148,494.564169539493,0,4
"heterogeneous",48,"noncentered",17.7799999999997,5308.18221391888,298.547931041561,0,5
"heterogeneous",49,"centered",12.1800000000003,7928.9054252426,650.977456916454,0,3
"heterogeneous",49,"noncentered",14.4399999999996,5863.09349238534,406.031405289855,0,6
"heterogeneous",50,"centered",13.5300000000007,7465.92630697658,551.805344196321,0,3
"heterogeneous",50,"noncentered",14.6999999999998,5414.86137527983,368.357916685707,1,5
"heterogeneous",51,"centered",11.8100000000004,6706.08835395097,567.831359352306,0,4
"heterogeneous",51,"noncentered",18.9499999999998,5780.40312544131,305.0344657225,0,5
"heterogeneous",52,"centered",13.46,6872.24288888784,510.567822354222,0,4
"heterogeneous",52,"noncentered",16.2200000000003,5052.10724800876,311.473936375381,0,6
"heterogeneous",53,"centered",14.29,174.280364888767,12.1959667521881,1817,6
"heterogeneous",53,"noncentered",22.7200000000003,599.322969377743,26.3786518212032,461,10
"heterogeneous",54,"centered",14.2200000000003,6165.87997154053,433.606186465571,0,4
"heterogeneous",54,"noncentered",16.5,5595.00795921749,339.091391467727,0,6
"heterogeneous",55,"centered",14.0199999999995,5997.34215934272,427.770482121464,0,4
"heterogeneous",55,"noncentered",14,5500.01459416098,392.858185297213,0,5
"heterogeneous",56,"centered",11.2999999999993,6892.79659456613,609.981999519166,0,3
"heterogeneous",56,"noncentered",13.79,5820.66818939395,422.093414749381,2,6
"heterogeneous",57,"centered",12.71,6605.14125847398,519.680665497558,0,4
"heterogeneous",57,"noncentered",15.4200000000001,5128.87141217985,332.611635031117,0,6
"heterogeneous",58,"centered",14.0799999999999,809.382269909679,57.4845362151764,1346,7
"heterogeneous",58,"noncentered",16.5299999999997,1117.10894714933,67.5806985571293,1396,9
"heterogeneous",59,"centered",14.8999999999996,7947.20275832941,533.369312639571,0,3
"heterogeneous",59,"noncentered",14.3900000000003,6009.09144689055,417.588008817958,0,5
"heterogeneous",60,"centered",13.8900000000003,997.021619793759,71.7798142400098,2865,5
"heterogeneous",60,"noncentered",16.3599999999997,1264.72634961277,77.3060115900243,2366,7
"heterogeneous",61,"centered",13.5300000000007,6086.7885890867,449.873509910304,0,4
"heterogeneous",61,"noncentered",14.0099999999993,5668.48749674743,404.602961937738,0,5
"heterogeneous",62,"centered",15.3299999999999,6536.40291017245,426.379837584637,0,3
"heterogeneous",62,"noncentered",18,5775.99774869226,320.888763816236,0,6
"heterogeneous",63,"centered",13.8400000000001,6390.71161889123,461.756619862079,0,4
"heterogeneous",63,"noncentered",15.2399999999998,5636.23231190324,369.831516529089,0,6
"heterogeneous",64,"centered",14.96,6940.38771622317,463.929660175344,0,3
"heterogeneous",64,"noncentered",16.8500000000004,4908.4203203332,291.300909218581,0,6
"heterogeneous",65,"centered",15.25,7553.36721423724,495.302768146704,0,4
"heterogeneous",65,"noncentered",16.4499999999998,5153.32938540855,313.272303064353,0,6
"heterogeneous",66,"centered",13.4699999999993,7814.21953938387,580.120233064903,0,3
"heterogeneous",66,"noncentered",16.6000000000004,5251.4923479464,316.354960719656,0,6
"heterogeneous",67,"centered",14.6099999999997,7723.01082277937,528.611281504418,0,3
"heterogeneous",67,"noncentered",16.1700000000001,5564.54698925989,344.127828649342,0,6
"heterogeneous",68,"centered",15.4099999999999,5419.33843818301,351.676731874306,0,4
"heterogeneous",68,"noncentered",13.2399999999998,5419.68371501717,409.341670318524,1,5
"heterogeneous",69,"centered",12.2000000000007,6557.62256380993,537.510046213897,0,4
"heterogeneous",69,"noncentered",12.9099999999999,5715.61316542976,442.727588336934,0,5
"heterogeneous",70,"centered",15.2200000000003,5731.48173815555,376.575672677757,0,4
"heterogeneous",70,"noncentered",16.6199999999999,5729.41606393505,344.73020841968,0,6
"heterogeneous",71,"centered",12.8199999999997,6859.0067975336,535.02393116488,0,3
"heterogeneous",71,"noncentered",14.2200000000003,5519.45674611035,388.147450500018,0,6
"heterogeneous",72,"centered",11.8500000000004,7140.95488436559,602.612226528723,0,3
"heterogeneous",72,"noncentered",16.6700000000001,5388.82871717418,323.265070016446,0,5
"heterogeneous",73,"centered",12.0299999999997,6216.19465211257,516.724409984431,0,4
"heterogeneous",73,"noncentered",16.1999999999998,5685.13291005239,350.934130250151,0,6
"heterogeneous",74,"centered",13.4700000000003,6986.82004262317,518.694880669862,0,4
"heterogeneous",74,"noncentered",17.6100000000006,5890.66508502823,334.506819138446,0,6
"heterogeneous",75,"centered",12.0599999999995,5996.32557750593,497.207759328871,0,4
"heterogeneous",75,"noncentered",16.6100000000006,5367.9071276586,323.173216595931,0,5
"heterogeneous",76,"centered",13.0100000000002,7724.89593120389,593.766020845792,0,3
"heterogeneous",76,"noncentered",14.7999999999993,5483.76303920728,370.524529676186,0,6
"heterogeneous",77,"centered",15.8899999999994,6536.83411994586,411.380372557967,0,4
"heterogeneous",77,"noncentered",13.9700000000003,5465.01881452591,391.196765535133,0,6
"heterogeneous",78,"centered",22.7200000000003,501.736677456386,22.0834805218477,1734,9
"heterogeneous",78,"noncentered",19,96.9369514784053,5.10194481465291,2220,9
"heterogeneous",79,"centered",13.4500000000007,6649.82172928309,494.41053749314,0,3
"heterogeneous",79,"noncentered",16.4499999999998,6097.47162046384,370.666967809356,0,5
"heterogeneous",80,"centered",16.1700000000001,6742.64179119708,416.984650043108,0,3
"heterogeneous",80,"noncentered",14.7800000000007,5794.09603816208,392.022736005536,0,5
"heterogeneous",81,"centered",16.7200000000003,328.660630982325,19.6567363027703,806,9
"heterogeneous",81,"noncentered",19.5699999999997,582.560543479908,29.7680400347428,141,9
"heterogeneous",82,"centered",19.3299999999999,488.490664424798,25.2711155936265,1471,5
"heterogeneous",82,"noncentered",16.0500000000002,1950.11841544081,121.502705011887,2119,7
"heterogeneous",83,"centered",16.9399999999996,1405.28899746215,82.9568475479445,1780,8
"heterogeneous",83,"noncentered",15.8000000000002,1825.73580173241,115.552898843822,2487,6
"heterogeneous",84,"centered",18.0500000000002,726.523728729527,40.2506220902781,1164,8
"heterogeneous",84,"noncentered",21.0600000000004,1215.94656706204,57.7372538965821,859,9
"heterogeneous",85,"centered",11.9499999999998,6086.73568814724,509.350266790572,0,4
"heterogeneous",85,"noncentered",17.8900000000003,5569.14987589782,311.299601782992,0,6
"heterogeneous",86,"centered",13.6800000000003,501.886660265553,36.6876213644402,1764,6
"heterogeneous",86,"noncentered",20.71,1735.9202857596,83.8203904277932,394,9
"heterogeneous",87,"centered",14.6900000000005,5429.60280247902,369.612171714011,0,4
"heterogeneous",87,"noncentered",16.3099999999995,5736.89622612135,351.741031644484,0,5
"heterogeneous",88,"centered",11.5699999999997,7201.0888963202,622.39316303547,0,4
"heterogeneous",88,"noncentered",16.9700000000003,5485.15159931699,323.226375917319,0,6
"heterogeneous",89,"centered",14.5599999999995,5982.15873548715,410.862550514242,0,4
"heterogeneous",89,"noncentered",17.4499999999998,5852.8553143309,335.407181337018,0,6
"heterogeneous",90,"centered",14.3400000000001,6404.15978814516,446.594127485711,0,4
"heterogeneous",90,"noncentered",19.0299999999997,5370.95101048863,282.235996347278,0,5
"heterogeneous",91,"centered",14.3600000000006,6680.1411606851,465.190888627077,0,4
"heterogeneous",91,"noncentered",16.0299999999997,5580.00696340996,348.097751928263,0,5
"heterogeneous",92,"centered",12.3599999999997,5771.19286596891,466.924989156073,0,4
"heterogeneous",92,"noncentered",15.7600000000002,5334.53922046964,338.485991146546,0,6
"heterogeneous",93,"centered",12.6900000000005,7265.36934280458,572.527134972757,0,3
"heterogeneous",93,"noncentered",15.2600000000002,5466.52437651377,358.225712746637,0,6
"heterogeneous",94,"centered",10.7399999999998,7484.2946852356,696.861702535917,0,3
"heterogeneous",94,"noncentered",16.8600000000006,5400.49726404187,320.314191224299,0,6
"heterogeneous",95,"centered",16.0300000000007,7319.25658269869,456.597416263156,0,3
"heterogeneous",95,"noncentered",15.25,5618.79530826067,368.445593984306,0,6
"heterogeneous",96,"centered",16.8299999999999,1116.38834507831,66.3332350016822,2221,5
"heterogeneous",96,"noncentered",18.2799999999997,1477.84394933178,80.8448549962692,628,8
"heterogeneous",97,"centered",12.0699999999997,6907.84934480199,572.315604374661,0,4
"heterogeneous",97,"noncentered",16.4700000000003,5477.31931468153,332.563407084483,0,5
"heterogeneous",98,"centered",15.1899999999996,1318.28155325633,86.78614570483,2497,5
"heterogeneous",98,"noncentered",15.7600000000002,2052.91839680334,130.261319594119,2007,7
"heterogeneous",99,"centered",14.6399999999994,5956.79654538756,406.88500993086,0,4
"heterogeneous",99,"noncentered",12.3600000000006,5628.31137865036,455.364998272662,0,6
"heterogeneous",100,"centered",15.3699999999999,115.056224813527,7.48576609066547,1663,6
"heterogeneous",100,"noncentered",19.1400000000003,777.296267580847,40.6110902602317,1481,9
