"scenario","rep_id","runtime_seconds","mean_theta_ess","n_divergent","max_treedepth","ess_per_second"
"heterogeneous",1,15.27,5979.44064239023,0,4,391.580919606433
"heterogeneous",2,15.42,6127.89225731883,0,4,397.398979073854
"heterogeneous",3,13.3,6741.1460622161,0,4,506.853087384669
"heterogeneous",4,15.25,575.311403129234,1825,8,37.7253379101137
"heterogeneous",5,12.77,6836.90951252543,0,3,535.388372163308
"heterogeneous",6,13.36,5983.67572527296,0,4,447.879919556359
"heterogeneous",7,12.86,5898.35996419661,0,4,458.659406236128
"heterogeneous",8,14.46,7528.44079142372,0,3,520.639058881309
"heterogeneous",9,14.14,7530.00667588513,0,3,532.532296738695
"heterogeneous",10,12.01,7423.52244354682,0,3,618.111777147945
"heterogeneous",11,11.09,6145.67578149126,0,4,554.163731423917
"heterogeneous",12,13.25,1497.04162906594,1805,5,112.984273891769
"heterogeneous",13,15.75,6164.3070206515,0,4,391.384572739778
"heterogeneous",14,16.58,1482.77146300542,2008,5,89.4313306999649
"heterogeneous",15,16.21,6397.95836821876,0,3,394.692064664946
"heterogeneous",16,13.13,6058.18208489934,0,4,461.400006466058
"heterogeneous",17,17.09,1166.99173223196,2646,5,68.285063325451
"heterogeneous",18,14.28,6017.0030465788,0,4,421.358756763222
"heterogeneous",19,14.88,566.881575372248,2310,5,38.0968800653392
"heterogeneous",20,12.69,5944.31425783945,0,4,468.425079419972
"heterogeneous",21,15.2,7295.21609567974,0,3,479.948427347351
"heterogeneous",22,14.11,5572.10732943714,0,4,394.904842624885
"heterogeneous",23,15.2,7383.90754652934,0,3,485.783391219036
"heterogeneous",24,14.65,1122.27048322452,2573,5,76.6054937354624
"heterogeneous",25,13.37,6850.70038153368,0,3,512.393446636774
"heterogeneous",26,11.98,6617.23891969205,0,4,552.357171927549
"heterogeneous",27,12.83,7175.89588395567,0,3,559.30599251408
"heterogeneous",28,16.03,6576.60648811831,0,4,410.268651785298
"heterogeneous",29,15.5999999999999,7641.2325273668,0,3,489.822597908131
"heterogeneous",30,15.5,5878.77597890517,0,4,379.275869606785
"heterogeneous",31,16.45,5583.96926528236,0,4,339.4510191661
"heterogeneous",32,24.0300000000001,800.149341407836,2052,8,33.2979334751491
"heterogeneous",33,15.1700000000001,7113.73580533233,0,3,468.934463106941
"heterogeneous",34,15.4299999999999,5893.11821315687,0,4,381.926002148859
"heterogeneous",35,15.11,7011.72772994049,0,3,464.045514886862
"heterogeneous",36,15.58,6225.61562140131,0,3,399.590219602137
"heterogeneous",37,14.14,7300.36652777281,0,3,516.2918336473
"heterogeneous",38,16.64,7367.1650040304,0,3,442.738281492212
"heterogeneous",39,16.3299999999999,6766.71029491489,0,4,414.372951311385
"heterogeneous",40,16.0699999999999,6007.64095359496,0,4,373.842000845986
"heterogeneous",41,17.39,6671.25335819124,0,4,383.625840033999
"heterogeneous",42,17.4499999999999,6342.07905003512,0,3,363.442925503447
"heterogeneous",43,14,7635.12669799042,0,3,545.366192713601
"heterogeneous",44,36.27,598.310646170322,1849,8,16.4960200212385
"heterogeneous",45,16.2,6464.77844015398,0,3,399.060397540368
"heterogeneous",46,16.72,6665.74105101286,0,3,398.668723146701
"heterogeneous",47,16.75,6065.76441699771,0,3,362.13518907449
"heterogeneous",48,16.6900000000001,6463.95369588148,0,4,387.29500874065
"heterogeneous",49,17.58,7928.9054252426,0,3,451.018511105949
"heterogeneous",50,17.3000000000001,7465.92630697658,0,3,431.55643392928
"heterogeneous",51,17.61,6706.08835395097,0,4,380.811377282848
"heterogeneous",52,17.75,6872.24288888784,0,4,387.16861345847
"heterogeneous",53,23.84,174.280364888767,1817,6,7.31041799030063
"heterogeneous",54,16.38,6165.87997154053,0,4,376.427348689898
"heterogeneous",55,15.9200000000001,5997.34215934272,0,4,376.717472320521
"heterogeneous",56,14.66,6892.79659456613,0,3,470.177121048168
"heterogeneous",57,17.3999999999999,6605.14125847398,0,4,379.605819452531
"heterogeneous",58,21.6900000000001,809.382269909679,1346,7,37.3159183914097
"heterogeneous",59,14.8899999999999,7947.20275832941,0,3,533.727519028172
"heterogeneous",60,14.5,997.021619793759,2865,5,68.7601117099144
"heterogeneous",61,16.97,6086.7885890867,0,4,358.679351154195
"heterogeneous",62,17.9000000000001,6536.40291017245,0,3,365.162173752649
"heterogeneous",63,14.5699999999999,6390.71161889123,0,4,438.621250438659
"heterogeneous",64,13.1900000000001,6940.38771622317,0,3,526.185573633293
"heterogeneous",65,17.05,7553.36721423724,0,4,443.012739837962
"heterogeneous",66,15.3799999999999,7814.21953938387,0,3,508.076693067876
"heterogeneous",67,16.7700000000002,7723.01082277937,0,3,460.525391936749
"heterogeneous",68,16.8799999999999,5419.33843818301,0,4,321.050855342597
"heterogeneous",69,15.1700000000001,6557.62256380993,0,4,432.275712841786
"heterogeneous",70,17.1400000000001,5731.48173815555,0,4,334.392166753531
"heterogeneous",71,15.0699999999999,6859.0067975336,0,3,455.14311861537
"heterogeneous",72,14.9599999999998,7140.95488436559,0,3,477.336556441556
"heterogeneous",73,18.98,6216.19465211257,0,4,327.512889995393
"heterogeneous",74,15.21,6986.82004262317,0,4,459.357004774698
"heterogeneous",75,16.48,5996.32557750593,0,4,363.854707372932
"heterogeneous",76,16.7199999999998,7724.89593120389,0,3,462.01530689019
"heterogeneous",77,17.6100000000001,6536.83411994586,0,4,371.200120383067
"heterogeneous",78,56.6400000000001,501.736677456386,1734,9,8.85834529407459
"heterogeneous",79,15.1100000000001,6649.82172928309,0,3,440.094091944608
"heterogeneous",80,16.4000000000001,6742.64179119708,0,3,411.136694585186
"heterogeneous",81,35.79,328.660630982325,806,9,9.18302964465844
"heterogeneous",82,19.0400000000002,488.490664424798,1471,5,25.6560222912181
"heterogeneous",83,17.7,1405.28899746215,1780,8,79.3948586136805
"heterogeneous",84,17.23,726.523728729527,1164,8,42.1662059622476
"heterogeneous",85,14.28,6086.73568814724,0,4,426.241994968295
"heterogeneous",86,17.3900000000001,501.886660265553,1764,6,28.8606475138327
"heterogeneous",87,11.2900000000002,5429.60280247902,0,4,480.921417402916
"heterogeneous",88,10.95,7201.0888963202,0,4,657.63368916166
"heterogeneous",89,7.5,5982.15873548715,0,4,797.62116473162
"heterogeneous",90,7.77999999999997,6404.15978814516,0,4,823.156785108635
"heterogeneous",91,12.1699999999998,6680.1411606851,0,4,548.902313942907
"heterogeneous",92,10.6299999999999,5771.19286596891,0,4,542.91560357187
"heterogeneous",93,13.01,7265.36934280458,0,3,558.444991760537
"heterogeneous",94,10.4699999999998,7484.2946852356,0,3,714.832348160052
"heterogeneous",95,8.48000000000002,7319.25658269869,0,3,863.11988003522
"heterogeneous",96,11.7,1116.38834507831,2221,5,95.4178072716497
"heterogeneous",97,8.98000000000002,6907.84934480199,0,4,769.248256659462
"heterogeneous",98,9.52000000000021,1318.28155325633,2497,5,138.474953073141
"heterogeneous",99,11.3399999999999,5956.79654538756,0,4,525.290700651464
"heterogeneous",100,18.4799999999998,115.056224813527,1663,6,6.22598619120827
