"scenario","scenario_label","method","method_id","n_trials","median_ess_normalized_seconds","p25_ess_normalized_seconds","p75_ess_normalized_seconds"
"global_null","Global null","Stan EXNEX (NUTS)","stan_exnex",1947,1.26530560716956,1.13756508360387,1.40792283792064
"global_null","Global null","exnexSurv (Gibbs DA)","gibbs_exnex",1947,0.135338018345153,0.108236781290727,0.172660605589974
"heterogeneous","Complete heterogeneity","Stan EXNEX (NUTS)","stan_exnex",1653,1.26828535751664,1.12696921657746,1.44508716108276
"heterogeneous","Complete heterogeneity","exnexSurv (Gibbs DA)","gibbs_exnex",1653,0.189856893814055,0.14574487144129,0.257551837752191
"hetvar_misspec","Heteroskedastic variances","Stan EXNEX (NUTS)","stan_exnex",992,1.04300047490789,0.943047438999462,1.18005881703336
"hetvar_misspec","Heteroskedastic variances","exnexSurv (Gibbs DA)","gibbs_exnex",992,0.100627609987308,0.0810912269414588,0.124400145575826
"homogeneous","Homogeneous","Stan EXNEX (NUTS)","stan_exnex",1933,1.24091702998377,1.11086480589341,1.38731492362781
"homogeneous","Homogeneous","exnexSurv (Gibbs DA)","gibbs_exnex",1933,0.140782707698813,0.111725544953327,0.175907553212996
"infcens_misspec","Informative censoring","Stan EXNEX (NUTS)","stan_exnex",994,1.14708152220276,1.02977089770837,1.30508026844588
"infcens_misspec","Informative censoring","exnexSurv (Gibbs DA)","gibbs_exnex",994,0.0965882405856254,0.0778214530929486,0.125585880873774
"mixed","Mixed efficacy","Stan EXNEX (NUTS)","stan_exnex",1993,1.22746328041242,1.11047539421389,1.37127606141911
"mixed","Mixed efficacy","exnexSurv (Gibbs DA)","gibbs_exnex",1993,0.136362134927317,0.109872987571592,0.17317640039679
"t_misspec","Student-t errors","Stan EXNEX (NUTS)","stan_exnex",994,1.10270750360232,0.97916280248161,1.21285443955962
"t_misspec","Student-t errors","exnexSurv (Gibbs DA)","gibbs_exnex",994,0.0867773872117627,0.0711431270845181,0.113062754666622
"tcga_calib","TCGA-calibrated","Stan EXNEX (NUTS)","stan_exnex",70,2.24956887748719,2.01234797174615,2.6882885641922
"tcga_calib","TCGA-calibrated","exnexSurv (Gibbs DA)","gibbs_exnex",70,2.15118392746649,1.86608933049259,2.50590453267618
"weibull_misspec","Gumbel (extreme-value) misspecification","Stan EXNEX (NUTS)","stan_exnex",995,1.00944654266619,0.911980766054244,1.12350733080461
"weibull_misspec","Gumbel (extreme-value) misspecification","exnexSurv (Gibbs DA)","gibbs_exnex",995,0.0821537525274627,0.0644804640890947,0.105089369211952
