"regime","largest_basket","dataset","n_total","observed_censoring","method","runtime_seconds","min_ess","mean_ess","n_divergent","index_t_star"
"moderate",400,1,2400,0.29875,"gibbs",1.47,2586.5827592631,2778.58500502762,,0.227326961758423
"moderate",400,1,2400,0.29875,"stan",23.51,8443.47439959688,9490.07694706295,0,1.11375952066
"moderate",400,2,2400,0.300833333333333,"gibbs",1.45,2635.43197549517,2830.58050000646,,0.220077772977245
"moderate",400,2,2400,0.300833333333333,"stan",18.39,7940.12332123182,9104.62668799023,0,0.926433973680247
"moderate",400,3,2400,0.287083333333333,"gibbs",1.25,2528.28729596564,2778.50436306024,,0.197762335316024
"moderate",400,3,2400,0.287083333333333,"stan",18.51,8405.00541368067,9385.96051200298,0,0.880903656284224
"moderate",600,1,2600,0.304230769230769,"gibbs",2.20999999999999,2659.62174448165,2922.03254858819,,0.332378091671936
"moderate",600,1,2600,0.304230769230769,"stan",17.37,7637.7810770311,8420.62785946467,0,0.909688289036529
"moderate",600,2,2600,0.296538461538462,"gibbs",1.23,2625.10379500878,2967.6310804211,,0.187421160616758
"moderate",600,2,2600,0.296538461538462,"stan",20.66,7188.38799791217,8154.18544356214,0,1.14963187885799
"moderate",600,3,2600,0.305,"gibbs",2.12,2579.52965064179,2731.54869130781,,0.328742102184798
"moderate",600,3,2600,0.305,"stan",22.14,7838.18224149304,9134.35027597054,0,1.12985380119372
"moderate",800,1,2800,0.297857142857143,"gibbs",1.52000000000001,2637.18300401499,2956.24378599594,,0.23054903625359
"moderate",800,1,2800,0.297857142857143,"stan",24.79,6930.89691613831,9064.52132712792,0,1.43069506298831
"moderate",800,2,2800,0.299642857142857,"gibbs",1.26999999999998,2431.51051369266,2765.32437504875,,0.208923628805746
"moderate",800,2,2800,0.299642857142857,"stan",24.73,7293.81083650738,8771.90949807548,0,1.35621833657764
"moderate",800,3,2800,0.302857142857143,"gibbs",1.28,2641.77313811977,2820.25922632186,,0.193809223287207
"moderate",800,3,2800,0.302857142857143,"stan",21.27,7238.60329839331,8055.06112013628,0,1.17536486657425
"moderate",1000,1,3000,0.294,"gibbs",1.32999999999998,2462.25387819211,2965.91513769912,,0.216062204109761
"moderate",1000,1,3000,0.294,"stan",22.66,8289.80258211478,9364.10321042163,0,1.09339153860618
"moderate",1000,2,3000,0.301333333333333,"gibbs",1.23000000000002,2568.93295720904,2856.59612860084,,0.191519205909729
"moderate",1000,2,3000,0.301333333333333,"stan",21.5,8108.09430347145,8903.3783088559,0,1.06066847253095
"moderate",1000,3,3000,0.298,"gibbs",1.27999999999997,2689.95392058652,2942.58590801978,,0.190337832957507
"moderate",1000,3,3000,0.298,"stan",21.55,7998.60082159381,8960.93234009908,0,1.07768848480707
"moderate",1200,1,3200,0.3,"gibbs",1.25,2654.70657324912,2927.78492403123,,0.188344732724282
"moderate",1200,1,3200,0.3,"stan",22.27,7363.1676433652,8687.710844293,0,1.20980540325288
"moderate",1200,2,3200,0.3075,"gibbs",1.25,2702.64241698183,2893.90495168799,,0.185004126649642
"moderate",1200,2,3200,0.3075,"stan",22.32,8481.28057437363,9933.64292459941,0,1.05267122360934
"moderate",1200,3,3200,0.309375,"gibbs",1.27999999999997,2604.56256229176,2856.95579563174,,0.196578115424296
"moderate",1200,3,3200,0.309375,"stan",20.44,7599.73495257439,9094.21936446986,0,1.07582699278616
"tcga_like",400,1,2400,0.681666666666667,"gibbs",1.88999999999999,414.812757068194,1152.78927672092,,1.82250904080973
"tcga_like",400,1,2400,0.681666666666667,"stan",26.97,6480.15355815883,6876.17154807035,0,1.66477536422225
"tcga_like",400,2,2400,0.692916666666667,"gibbs",2.76999999999998,492.290689268548,1112.18193134119,,2.25070273347293
"tcga_like",400,2,2400,0.692916666666667,"stan",27.53,5683.99248547898,7313.99600435194,0,1.93737061196555
"tcga_like",400,3,2400,0.668333333333333,"gibbs",1.90999999999997,592.061705269315,1291.59059928172,,1.29040603910104
"tcga_like",400,3,2400,0.668333333333333,"stan",28.92,6042.25541858935,6825.72752751734,0,1.9145168812974
"tcga_like",600,1,2600,0.696923076923077,"gibbs",2.16999999999996,568.9518448136,1172.83613949411,,1.52561241854195
"tcga_like",600,1,2600,0.696923076923077,"stan",30.13,5267.97433476193,6463.56376324616,0,2.2877863926694
"tcga_like",600,2,2600,0.703846153846154,"gibbs",2.11000000000001,483.975717746148,1050.13535175776,,1.7438891437167
"tcga_like",600,2,2600,0.703846153846154,"stan",29.86,5369.71271662239,7097.10907711978,0,2.22432756281847
"tcga_like",600,3,2600,0.698846153846154,"gibbs",2.06,527.061599502221,1141.95582635891,,1.56338462293254
"tcga_like",600,3,2600,0.698846153846154,"stan",30.9299999999999,5802.58732990234,7054.86747640254,0,2.13215231354531
"tcga_like",800,1,2800,0.707857142857143,"gibbs",2.10000000000002,425.606924335819,1227.79591869403,,1.97365210002368
"tcga_like",800,1,2800,0.707857142857143,"stan",28.5799999999999,5620.80094587717,6996.99461725546,0,2.03387383934763
"tcga_like",800,2,2800,0.708571428571429,"gibbs",2.68999999999994,505.226446922218,1155.29088518923,,2.12973807399602
"tcga_like",800,2,2800,0.708571428571429,"stan",30.02,4414.07921743855,6657.89688183758,0,2.72038615722174
"tcga_like",800,3,2800,0.711428571428571,"gibbs",2.54999999999995,522.806565904535,1153.0974165434,,1.95100839683455
"tcga_like",800,3,2800,0.711428571428571,"stan",32.3000000000001,4757.74807276075,6540.4206092146,0,2.71557043425022
"tcga_like",1000,1,3000,0.720666666666667,"gibbs",2.67000000000007,348.443379283128,1169.6308441161,,3.06506039000449
"tcga_like",1000,1,3000,0.720666666666667,"stan",44.9299999999999,5336.74946386756,7223.16637666003,0,3.36759297427757
"tcga_like",1000,2,3000,0.723333333333333,"gibbs",5.27999999999997,361.506255362066,1147.84050257519,,5.84222255818151
"tcga_like",1000,2,3000,0.723333333333333,"stan",34,4616.9324479589,6951.67182505303,0,2.94567879285572
"tcga_like",1000,3,3000,0.713,"gibbs",2.50999999999999,469.762109722333,1171.67091462869,,2.13725198184554
"tcga_like",1000,3,3000,0.713,"stan",34.2,4889.71543661265,6799.59001152662,0,2.79770881912033
"tcga_like",1200,1,3200,0.7315625,"gibbs",3.59999999999991,356.913337942436,1169.30926657583,,4.03459284626737
"tcga_like",1200,1,3200,0.7315625,"stan",33.0100000000001,4930.92805358896,7321.68534279287,0,2.67779206196074
"tcga_like",1200,2,3200,0.7203125,"gibbs",3.36000000000001,455.992926911231,1269.39033146874,,2.9474141388637
"tcga_like",1200,2,3200,0.7203125,"stan",38.98,4362.89706107512,6302.18318114187,0,3.57377214766506
"tcga_like",1200,3,3200,0.7221875,"gibbs",2.63,414.418192150375,1105.45007003505,,2.53849859858052
"tcga_like",1200,3,3200,0.7221875,"stan",33.3399999999999,4442.56908340074,6623.48532831606,0,3.00186665635178
