"regime","largest_basket","index_gibbs","index_stan","ratio_stan_over_gibbs"
"moderate",400,0.215055690017231,0.973699050208157,4.52766002206285
"moderate",600,0.282847118157831,1.06305798969608,3.75841902374584
"moderate",800,0.211093962782181,1.32075942204673,6.25673706930961
"moderate",1000,0.199306414325666,1.07724949864807,5.40499161701764
"moderate",1200,0.189975658266073,1.11276787321613,5.85742343715227
"tcga_like",400,1.78787260446124,1.83888761916173,1.02853392046682
"tcga_like",600,1.6109620617304,2.21475542301106,1.37480296750881
"tcga_like",800,2.01813285695142,2.48994347693986,1.23378570858866
"tcga_like",1000,3.68151164334385,3.03699352875121,0.824931121497897
"tcga_like",1200,3.1735018612372,3.08447695532586,0.971947422814294
