"study","url","file","rows","commit_sha","file_checksum_md5"
"acc","https://media.githubusercontent.com/media/cBioPortal/datahub/0cc9138746c08b304f8dac92c31983e0ef44af1d/public/acc_tcga_pan_can_atlas_2018/data_clinical_patient.txt","data/tcga/raw/acc_tcga_pan_can_atlas_2018_clinical_patient.txt",92,"0cc9138746c08b304f8dac92c31983e0ef44af1d","d381cb8b44c1493c5dfe535869c08ee5"
"blca","https://media.githubusercontent.com/media/cBioPortal/datahub/0cc9138746c08b304f8dac92c31983e0ef44af1d/public/blca_tcga_pan_can_atlas_2018/data_clinical_patient.txt","data/tcga/raw/blca_tcga_pan_can_atlas_2018_clinical_patient.txt",411,"0cc9138746c08b304f8dac92c31983e0ef44af1d","a0750c2867c29b81ccd2fc0eda575bd1"
"brca","https://media.githubusercontent.com/media/cBioPortal/datahub/0cc9138746c08b304f8dac92c31983e0ef44af1d/public/brca_tcga_pan_can_atlas_2018/data_clinical_patient.txt","data/tcga/raw/brca_tcga_pan_can_atlas_2018_clinical_patient.txt",1084,"0cc9138746c08b304f8dac92c31983e0ef44af1d","373427b6cbd2fb16215e9c4d37e6ca6f"
"cesc","https://media.githubusercontent.com/media/cBioPortal/datahub/0cc9138746c08b304f8dac92c31983e0ef44af1d/public/cesc_tcga_pan_can_atlas_2018/data_clinical_patient.txt","data/tcga/raw/cesc_tcga_pan_can_atlas_2018_clinical_patient.txt",297,"0cc9138746c08b304f8dac92c31983e0ef44af1d","21ff9491741b931bde8e225456fdc906"
"coadread","https://media.githubusercontent.com/media/cBioPortal/datahub/0cc9138746c08b304f8dac92c31983e0ef44af1d/public/coadread_tcga_pan_can_atlas_2018/data_clinical_patient.txt","data/tcga/raw/coadread_tcga_pan_can_atlas_2018_clinical_patient.txt",594,"0cc9138746c08b304f8dac92c31983e0ef44af1d","eb695f1d1361d738ae51c8d329f51a8c"
"esca","https://media.githubusercontent.com/media/cBioPortal/datahub/0cc9138746c08b304f8dac92c31983e0ef44af1d/public/esca_tcga_pan_can_atlas_2018/data_clinical_patient.txt","data/tcga/raw/esca_tcga_pan_can_atlas_2018_clinical_patient.txt",182,"0cc9138746c08b304f8dac92c31983e0ef44af1d","3128f014231c42243668875daaa1b279"
"hnsc","https://media.githubusercontent.com/media/cBioPortal/datahub/0cc9138746c08b304f8dac92c31983e0ef44af1d/public/hnsc_tcga_pan_can_atlas_2018/data_clinical_patient.txt","data/tcga/raw/hnsc_tcga_pan_can_atlas_2018_clinical_patient.txt",523,"0cc9138746c08b304f8dac92c31983e0ef44af1d","716005db3070a8435580d1740132879c"
"kirc","https://media.githubusercontent.com/media/cBioPortal/datahub/0cc9138746c08b304f8dac92c31983e0ef44af1d/public/kirc_tcga_pan_can_atlas_2018/data_clinical_patient.txt","data/tcga/raw/kirc_tcga_pan_can_atlas_2018_clinical_patient.txt",512,"0cc9138746c08b304f8dac92c31983e0ef44af1d","99ced25c11cfc1c1e5e68995c7ada28c"
"lgg","https://media.githubusercontent.com/media/cBioPortal/datahub/0cc9138746c08b304f8dac92c31983e0ef44af1d/public/lgg_tcga_pan_can_atlas_2018/data_clinical_patient.txt","data/tcga/raw/lgg_tcga_pan_can_atlas_2018_clinical_patient.txt",514,"0cc9138746c08b304f8dac92c31983e0ef44af1d","67ae327aeb596753f8017f76193ecb3c"
