"method_id","method","parameter","basket_id","estimate","posterior_sd","q025","q975","rhat","bulk_ess","basket"
"gibbs_exnex","exnexSurv (Gibbs DA)","theta",1,4.28688519903215,0.188374391036472,3.93047108525473,4.66753128703674,1.00109896788429,1724.46144895009,"ACC"
"gibbs_exnex","exnexSurv (Gibbs DA)","theta",2,3.98397351596694,0.0920235909814093,3.80153577891568,4.16764314702592,1.00175948984826,1300.74180272926,"BLCA"
"gibbs_exnex","exnexSurv (Gibbs DA)","theta",3,5.42498923008709,0.0828569418100183,5.26216591504544,5.58782930608326,1.00266941011977,549.01982492869,"BRCA"
"gibbs_exnex","exnexSurv (Gibbs DA)","theta",4,4.32926969442185,0.126951296971202,4.0913824037158,4.58911625926238,1.00117405168285,1178.92422642638,"CESC"
"gibbs_exnex","exnexSurv (Gibbs DA)","theta",5,4.80350045910263,0.0956539948888019,4.62447379335781,4.99535160741623,1.00150213795567,793.981481409356,"COADREAD"
"gibbs_exnex","exnexSurv (Gibbs DA)","theta",6,3.55895711268856,0.130455016274638,3.30323192971595,3.81506986940434,1.00081577153115,1965.57498071477,"ESCA"
"gibbs_exnex","exnexSurv (Gibbs DA)","theta",7,3.96210576826394,0.0775140477141458,3.81127256955047,4.11221818439755,1.00023669252802,1496.84979032265,"HNSC"
"gibbs_exnex","exnexSurv (Gibbs DA)","theta",8,4.58090533271081,0.0851243082284863,4.41750813412024,4.75213624595044,1.00270838062517,1190.96102964117,"KIRC"
"gibbs_exnex","exnexSurv (Gibbs DA)","theta",9,4.23337673832989,0.100674268441217,4.0423213647056,4.44072991630799,1.00150736752344,963.965010136557,"LGG"
"gibbs_exnex","exnexSurv (Gibbs DA)","beta",,-0.41327777976668,0.0372174110858547,-0.490250157834192,-0.342512912746629,1.00556455692108,893.982199505027,
"gibbs_exnex","exnexSurv (Gibbs DA)","sigma2",,2.13571853006611,0.093612653597356,1.96328139567777,2.32736612001601,1.00484766407888,362.362091973942,
"stan_exnex","Stan EXNEX (NUTS)","theta",1,4.29011683887227,0.182232061166869,3.93418114448702,4.65739284046194,0.99944723691988,7560.12486838654,"ACC"
"stan_exnex","Stan EXNEX (NUTS)","theta",2,3.98242240247798,0.0897727751613177,3.81327346549505,4.163220007959,0.999281381159498,5220.83423671391,"BLCA"
"stan_exnex","Stan EXNEX (NUTS)","theta",3,5.42974260097597,0.08425314450776,5.26912920271688,5.59702121018906,0.99955916024506,5163.66954667125,"BRCA"
"stan_exnex","Stan EXNEX (NUTS)","theta",4,4.33267286906711,0.122608286994299,4.09304803871264,4.57383379040235,1.00027150875361,6924.73874988679,"CESC"
"stan_exnex","Stan EXNEX (NUTS)","theta",5,4.80413489981291,0.0976384519608481,4.61646608614124,4.99928964812812,0.999975704019348,6378.97900094009,"COADREAD"
"stan_exnex","Stan EXNEX (NUTS)","theta",6,3.55820684188311,0.133821392360818,3.29764030070272,3.82900966813555,0.999402905723193,8452.45245285963,"ESCA"
"stan_exnex","Stan EXNEX (NUTS)","theta",7,3.96161337015082,0.0781650327273856,3.8088123921839,4.11600371161786,0.999958513337014,5762.63034460722,"HNSC"
"stan_exnex","Stan EXNEX (NUTS)","theta",8,4.58159732288897,0.0827114484854453,4.42211942974418,4.74680261218574,0.999176691672832,6266.54041213991,"KIRC"
"stan_exnex","Stan EXNEX (NUTS)","theta",9,4.23290883170612,0.0999702487274171,4.04161342338974,4.42930734175093,0.999653452147242,7722.07279182287,"LGG"
"stan_exnex","Stan EXNEX (NUTS)","beta",,-0.4124658791044,0.0367286882462071,-0.484376151165062,-0.341841855734836,0.999798951900251,5838.49650766179,
"stan_exnex","Stan EXNEX (NUTS)","sigma2",,2.1374809689604,0.0922608167362095,1.96389842067485,2.32958439079774,0.999883791958006,3508.56095784183,
"stan_exnex","Stan EXNEX (NUTS)","mu",,4.3488620492778,0.276384120741709,3.80015682581736,4.90268319590817,0.999891528261137,5189.79292006663,
"stan_exnex","Stan EXNEX (NUTS)","tau2",,0.647437684495967,0.320042043592997,0.280367326001895,1.50832215680278,0.999979770894503,3087.29702812694,
"stan_pooled","Complete pooling","theta",1,4.58387472831087,0.0449777621396699,4.49694764637507,4.67224884365588,1.00028778619701,1916.99177681727,"ACC"
"stan_pooled","Complete pooling","theta",2,4.58387472831087,0.0449777621396699,4.49694764637507,4.67224884365588,1.00028778619701,1916.99177681727,"BLCA"
"stan_pooled","Complete pooling","theta",3,4.58387472831087,0.0449777621396699,4.49694764637507,4.67224884365588,1.00028778619701,1916.99177681727,"BRCA"
"stan_pooled","Complete pooling","theta",4,4.58387472831087,0.0449777621396699,4.49694764637507,4.67224884365588,1.00028778619701,1916.99177681727,"CESC"
"stan_pooled","Complete pooling","theta",5,4.58387472831087,0.0449777621396699,4.49694764637507,4.67224884365588,1.00028778619701,1916.99177681727,"COADREAD"
"stan_pooled","Complete pooling","theta",6,4.58387472831087,0.0449777621396699,4.49694764637507,4.67224884365588,1.00028778619701,1916.99177681727,"ESCA"
"stan_pooled","Complete pooling","theta",7,4.58387472831087,0.0449777621396699,4.49694764637507,4.67224884365588,1.00028778619701,1916.99177681727,"HNSC"
"stan_pooled","Complete pooling","theta",8,4.58387472831087,0.0449777621396699,4.49694764637507,4.67224884365588,1.00028778619701,1916.99177681727,"KIRC"
"stan_pooled","Complete pooling","theta",9,4.58387472831087,0.0449777621396699,4.49694764637507,4.67224884365588,1.00028778619701,1916.99177681727,"LGG"
"stan_pooled","Complete pooling","beta",,-0.431086590939303,0.033688755879495,-0.498761454341019,-0.363605823742553,0.999880110864088,2461.69135032041,
"stan_pooled","Complete pooling","sigma2",,2.46932714215489,0.111422879681566,2.25855955658412,2.69081292275698,1.00042328600435,1995.26516426479,
"stan_unpooled","No pooling (stratified)","theta",1,4.28470090286754,0.18809664609413,3.9132159141315,4.64577228685404,0.999200229049949,8909.76301058862,"ACC"
"stan_unpooled","No pooling (stratified)","theta",2,3.98237723794107,0.0931483329753921,3.80056993130451,4.17030277307662,0.999228575934914,6329.60036503195,"BLCA"
"stan_unpooled","No pooling (stratified)","theta",3,5.44345236679752,0.0848263853777854,5.28034162891225,5.61354076760191,0.999990339235769,5548.58624386043,"BRCA"
"stan_unpooled","No pooling (stratified)","theta",4,4.33269418671407,0.123663002371432,4.0881502678455,4.57474879416029,0.999433860509347,6773.09060824048,"CESC"
"stan_unpooled","No pooling (stratified)","theta",5,4.81305641241892,0.0982159738598959,4.62667649233892,5.00490550749004,1.00034838959807,5800.6261872885,"COADREAD"
"stan_unpooled","No pooling (stratified)","theta",6,3.53659116216336,0.130998107627647,3.28529742536122,3.7915002653465,0.999982566741131,6666.14981575388,"ESCA"
"stan_unpooled","No pooling (stratified)","theta",7,3.96103811736195,0.0791682300770801,3.80639573447685,4.11596530186906,0.999574652471729,7774.69110987857,"HNSC"
"stan_unpooled","No pooling (stratified)","theta",8,4.58620879408898,0.0839618248741612,4.42472307700374,4.75577314970593,1.00007636408805,6161.24777834076,"KIRC"
"stan_unpooled","No pooling (stratified)","theta",9,4.23143561321815,0.102431387812712,4.03138784862161,4.42838193105295,0.999491561246749,6806.98892960189,"LGG"
"stan_unpooled","No pooling (stratified)","beta",,-0.414187267732292,0.0377328680455987,-0.489170700386394,-0.339042034084996,1.0003869453915,5303.91847438581,
"stan_unpooled","No pooling (stratified)","sigma2",,2.14466287114909,0.0959913522312169,1.96760119617235,2.34648130575939,0.999763879764715,4458.69290852144,
