"panel","basket","method","estimate","q025","q975","n","n_events"
"A_baskets","ACC","exnexSurv (Gibbs DA)",4.28688519903215,3.93047108525473,4.66753128703674,90,32
"A_baskets","BLCA","exnexSurv (Gibbs DA)",3.98397351596694,3.80153577891568,4.16764314702592,409,180
"A_baskets","BRCA","exnexSurv (Gibbs DA)",5.42498923008709,5.26216591504544,5.58782930608326,1071,151
"A_baskets","CESC","exnexSurv (Gibbs DA)",4.32926969442185,4.0913824037158,4.58911625926238,284,68
"A_baskets","COADREAD","exnexSurv (Gibbs DA)",4.80350045910263,4.62447379335781,4.99535160741623,568,116
"A_baskets","ESCA","exnexSurv (Gibbs DA)",3.55895711268856,3.30323192971595,3.81506986940434,182,76
"A_baskets","HNSC","exnexSurv (Gibbs DA)",3.96210576826394,3.81127256955047,4.11221818439755,522,219
"A_baskets","KIRC","exnexSurv (Gibbs DA)",4.58090533271081,4.41750813412024,4.75213624595044,510,170
"A_baskets","LGG","exnexSurv (Gibbs DA)",4.23337673832989,4.0423213647056,4.44072991630799,510,125
"A_baskets","ACC","Stan EXNEX (NUTS)",4.29011683887227,3.93418114448702,4.65739284046194,90,32
"A_baskets","BLCA","Stan EXNEX (NUTS)",3.98242240247798,3.81327346549505,4.163220007959,409,180
"A_baskets","BRCA","Stan EXNEX (NUTS)",5.42974260097597,5.26912920271688,5.59702121018906,1071,151
"A_baskets","CESC","Stan EXNEX (NUTS)",4.33267286906711,4.09304803871264,4.57383379040235,284,68
"A_baskets","COADREAD","Stan EXNEX (NUTS)",4.80413489981291,4.61646608614124,4.99928964812812,568,116
"A_baskets","ESCA","Stan EXNEX (NUTS)",3.55820684188311,3.29764030070272,3.82900966813555,182,76
"A_baskets","HNSC","Stan EXNEX (NUTS)",3.96161337015082,3.8088123921839,4.11600371161786,522,219
"A_baskets","KIRC","Stan EXNEX (NUTS)",4.58159732288897,4.42211942974418,4.74680261218574,510,170
"A_baskets","LGG","Stan EXNEX (NUTS)",4.23290883170612,4.04161342338974,4.42930734175093,510,125
"A_baskets","ACC","No pooling (stratified)",4.28470090286754,3.9132159141315,4.64577228685404,90,32
"A_baskets","BLCA","No pooling (stratified)",3.98237723794107,3.80056993130451,4.17030277307662,409,180
"A_baskets","BRCA","No pooling (stratified)",5.44345236679752,5.28034162891225,5.61354076760191,1071,151
"A_baskets","CESC","No pooling (stratified)",4.33269418671407,4.0881502678455,4.57474879416029,284,68
"A_baskets","COADREAD","No pooling (stratified)",4.81305641241892,4.62667649233892,5.00490550749004,568,116
"A_baskets","ESCA","No pooling (stratified)",3.53659116216336,3.28529742536122,3.7915002653465,182,76
"A_baskets","HNSC","No pooling (stratified)",3.96103811736195,3.80639573447685,4.11596530186906,522,219
"A_baskets","KIRC","No pooling (stratified)",4.58620879408898,4.42472307700374,4.75577314970593,510,170
"A_baskets","LGG","No pooling (stratified)",4.23143561321815,4.03138784862161,4.42838193105295,510,125
"A_pooled_band","ACC","Complete pooling",4.58387472831087,4.49694764637507,4.67224884365588,90,32
"B_shrinkage","ACC","exnexSurv (Gibbs DA)",4.28688519903215,3.93047108525473,4.66753128703674,32,
"B_shrinkage","BLCA","exnexSurv (Gibbs DA)",3.98397351596694,3.80153577891568,4.16764314702592,180,
"B_shrinkage","BRCA","exnexSurv (Gibbs DA)",5.42498923008709,5.26216591504544,5.58782930608326,151,
"B_shrinkage","CESC","exnexSurv (Gibbs DA)",4.32926969442185,4.0913824037158,4.58911625926238,68,
"B_shrinkage","COADREAD","exnexSurv (Gibbs DA)",4.80350045910263,4.62447379335781,4.99535160741623,116,
"B_shrinkage","ESCA","exnexSurv (Gibbs DA)",3.55895711268856,3.30323192971595,3.81506986940434,76,
"B_shrinkage","HNSC","exnexSurv (Gibbs DA)",3.96210576826394,3.81127256955047,4.11221818439755,219,
"B_shrinkage","KIRC","exnexSurv (Gibbs DA)",4.58090533271081,4.41750813412024,4.75213624595044,170,
"B_shrinkage","LGG","exnexSurv (Gibbs DA)",4.23337673832989,4.0423213647056,4.44072991630799,125,
"C_age",,"exnexSurv (Gibbs DA)",-0.41327777976668,-0.490250157834192,-0.342512912746629,,
"C_age",,"Stan EXNEX (NUTS)",-0.4124658791044,-0.484376151165062,-0.341841855734836,,
"C_age",,"Complete pooling",-0.431086590939303,-0.498761454341019,-0.363605823742553,,
"C_age",,"No pooling (stratified)",-0.414187267732292,-0.489170700386394,-0.339042034084996,,
"D_sigma",,"exnexSurv (Gibbs DA)",1.46140977486334,1.40117143693332,1.52557075221571,,
"D_sigma",,"Stan EXNEX (NUTS)",1.46201264322864,1.4013916014715,1.52629760885541,,
"D_sigma",,"Complete pooling",1.57140928537249,1.50285047712143,1.64036975184163,,
"D_sigma",,"No pooling (stratified)",1.46446675317301,1.40271208598641,1.53182287022991,,
