"scenario","stan_rep"
"tcga_calib",1
"tcga_calib",2
"tcga_calib",3
"tcga_calib",4
"tcga_calib",5
"tcga_calib",6
"tcga_calib",7
"tcga_calib",8
"tcga_calib",9
"tcga_calib",10
"tcga_calib",11
"tcga_calib",12
"tcga_calib",13
"tcga_calib",14
"tcga_calib",15
"tcga_calib",16
"tcga_calib",17
"tcga_calib",18
"tcga_calib",19
"tcga_calib",20
"tcga_calib",21
"tcga_calib",22
"tcga_calib",23
"tcga_calib",24
"tcga_calib",25
"tcga_calib",26
"tcga_calib",27
"tcga_calib",28
"tcga_calib",29
"tcga_calib",30
"tcga_calib",31
"tcga_calib",32
"tcga_calib",33
"tcga_calib",34
"tcga_calib",35
"tcga_calib",36
"tcga_calib",37
"tcga_calib",38
"tcga_calib",39
"tcga_calib",40
"tcga_calib",41
"tcga_calib",42
"tcga_calib",43
"tcga_calib",44
"tcga_calib",45
"tcga_calib",46
"tcga_calib",47
"tcga_calib",48
"tcga_calib",49
"tcga_calib",50
"tcga_calib",51
"tcga_calib",52
"tcga_calib",53
"tcga_calib",54
"tcga_calib",55
"tcga_calib",56
"tcga_calib",57
"tcga_calib",58
"tcga_calib",59
"tcga_calib",60
"tcga_calib",61
"tcga_calib",62
"tcga_calib",63
"tcga_calib",64
"tcga_calib",65
"tcga_calib",66
"tcga_calib",67
"tcga_calib",68
"tcga_calib",69
"tcga_calib",70
"tcga_calib",71
"tcga_calib",72
"tcga_calib",73
"tcga_calib",74
"tcga_calib",75
"tcga_calib",76
"tcga_calib",77
"tcga_calib",78
"tcga_calib",79
"tcga_calib",80
"tcga_calib",81
"tcga_calib",82
"tcga_calib",83
"tcga_calib",84
"tcga_calib",85
"tcga_calib",86
"tcga_calib",87
"tcga_calib",88
"tcga_calib",89
"tcga_calib",90
"tcga_calib",91
"tcga_calib",92
"tcga_calib",93
"tcga_calib",94
"tcga_calib",95
"tcga_calib",96
"tcga_calib",97
"tcga_calib",98
"tcga_calib",99
"tcga_calib",100
